uo_cod;uo_sigla;acao_cod;acao_desc;intervencao_cod;intervencao_desc;marcos_principais;novo_marco; valor_previsto_total ;valor_replanejado_total;1_bimestre_planejado;1_bimestre_replanejado;1_bimestre_realizado;2_bimestre_planejado;2_bimestre_replanejado;2_bimestre_realizado;3_bimestre_planejado;3_bimestre_replanejado;3_bimestre_realizado;4_bimestre_planejado;4_bimestre_replanejado;4_bimestre_realizado;5_bimestre_planejado;5_bimestre_replanejado;5_bimestre_realizado;6_bimestre_planejado;6_bimestre_replanejado;6_bimestre_realizado
2301;DER/MG;4272;IMPLANTACAO E RESTAURACAO DE OBRAS DE ARTES ESPECIAIS;230104;Implantação e Restauração de Obras de Artes Especiais;Apoio técnico para vistorias, revisão ou desenvolvimento de projetos para construção e/ou recuperação de obras de arte especiais;Não; 7.387.483 ;0.0;True;0.0;0.0;True;0.0;0.0;True;0.0;0.0;True;0.0;0.0;True;0.0;0.0;True;0.0;0.0
2301;DER/MG;4272;IMPLANTACAO E RESTAURACAO DE OBRAS DE ARTES ESPECIAIS;230104;Implantação e Restauração de Obras de Artes Especiais;Obras de arte especiais de vários trechos;Não; 762.626 ;0.0;True;0.0;0.0;True;0.0;0.0;True;0.0;0.0;True;0.0;0.0;True;0.0;0.0;True;0.0;0.0
2301;DER/MG;4272;IMPLANTACAO E RESTAURACAO DE OBRAS DE ARTES ESPECIAIS;230104;Implantação e Restauração de Obras de Artes Especiais;Ponte Rio Sapucaí (Cordislândia - Carvalhópolis) Lote 1;Não; 5.972.000 ;0.0;True;0.0;0.0;True;0.0;0.0;True;0.0;0.0;True;0.0;0.0;False;0.0;0.0;False;0.0;0.0
2301;DER/MG;4272;IMPLANTACAO E RESTAURACAO DE OBRAS DE ARTES ESPECIAIS;230104;Implantação e Restauração de Obras de Artes Especiais;Ponte Rio Sapucaí (Cordislândia - Carvalhópolis) Lote 2;Não; 892.000 ;0.0;True;0.0;0.0;False;0.0;0.0;False;0.0;0.0;False;0.0;0.0;False;0.0;0.0;False;0.0;0.0
2301;DER/MG;4272;IMPLANTACAO E RESTAURACAO DE OBRAS DE ARTES ESPECIAIS;230104;Implantação e Restauração de Obras de Artes Especiais;Ponte sobre o Rio Paraibuna (Alargamento), Trecho Matias Barbosa - Juiz De Fora;Não; 734.250 ;0.0;True;0.0;0.0;True;0.0;0.0;False;0.0;0.0;False;0.0;0.0;False;0.0;0.0;False;0.0;0.0
2301;DER/MG;4272;IMPLANTACAO E RESTAURACAO DE OBRAS DE ARTES ESPECIAIS;230104;Implantação e Restauração de Obras de Artes Especiais;Projeto: Ponte Rio Jequitinhonha E Variante, Trecho Entr. Br-367 - Distrito Avaí Do Jacinto;Não; 1.420.000 ;0.0;True;0.0;0.0;True;0.0;0.0;True;0.0;0.0;True;0.0;0.0;True;0.0;0.0;True;0.0;0.0
2301;DER/MG;4272;IMPLANTACAO E RESTAURACAO DE OBRAS DE ARTES ESPECIAIS;230104;Implantação e Restauração de Obras de Artes Especiais;Ponte sobre o Rio Casca Na Rodovia Amg-1715, Trecho Entrº Mg-329 - Santo Antônio Do Grama;Não; 1.000.000 ;0.0;True;0.0;0.0;False;0.0;0.0;False;0.0;0.0;False;0.0;0.0;False;0.0;0.0;False;0.0;0.0
2301;DER/MG;4272;IMPLANTACAO E RESTAURACAO DE OBRAS DE ARTES ESPECIAIS;230104;Implantação e Restauração de Obras de Artes Especiais;Encabeçamento e Ponte sobre o Rio Paranaíba, No Trecho Rocinha – Lagamar, Rodovia LMG-722;Não; 1.520.000 ;0.0;True;0.0;0.0;True;0.0;0.0;False;0.0;0.0;False;0.0;0.0;False;0.0;0.0;False;0.0;0.0
2301;DER/MG;4272;IMPLANTACAO E RESTAURACAO DE OBRAS DE ARTES ESPECIAIS;230104;Implantação e Restauração de Obras de Artes Especiais;Recuperação da Ponte S/ O Rio Jequitinhonha- Diamantina - Couto Magalhães.;Não; 1.000.000 ;0.0;True;0.0;0.0;False;0.0;0.0;False;0.0;0.0;False;0.0;0.0;False;0.0;0.0;False;0.0;0.0
2301;DER/MG;4272;IMPLANTACAO E RESTAURACAO DE OBRAS DE ARTES ESPECIAIS;230104;Implantação e Restauração de Obras de Artes Especiais;Encabeçamento e Ponte sobre o Rio São João Mg-430 Trecho: Igaratinga - Entr.MG-252;Não; 100.000 ;0.0;False;0.0;0.0;False;0.0;0.0;True;0.0;0.0;False;0.0;0.0;False;0.0;0.0;False;0.0;0.0
2301;DER/MG;4272;IMPLANTACAO E RESTAURACAO DE OBRAS DE ARTES ESPECIAIS;230104;Implantação e Restauração de Obras de Artes Especiais;Ponte sobre o Ribeirão Mata Boi na Rodovia MG-414, Trecho Araguari (Distrito De Amanhece) - Divisa Mg/GO;Não; 100.000 ;0.0;False;0.0;0.0;False;0.0;0.0;True;0.0;0.0;False;0.0;0.0;False;0.0;0.0;False;0.0;0.0
2301;DER/MG;4272;IMPLANTACAO E RESTAURACAO DE OBRAS DE ARTES ESPECIAIS;230104;Implantação e Restauração de Obras de Artes Especiais;Reforço de Fundação Da Ponte sobre o Ribeirão Das Araras I - CMG-120 - Trecho Guanhães - São Pedro Do Suaçuí;Não; 100.000 ;0.0;False;0.0;0.0;False;0.0;0.0;True;0.0;0.0;False;0.0;0.0;False;0.0;0.0;False;0.0;0.0
2301;DER/MG;4272;IMPLANTACAO E RESTAURACAO DE OBRAS DE ARTES ESPECIAIS;230104;Implantação e Restauração de Obras de Artes Especiais;Ponte sobre o Rio Corrente -  MG-460, No Trecho De Munhoz - Toledo;Não; 100.000 ;0.0;False;0.0;0.0;False;0.0;0.0;True;0.0;0.0;False;0.0;0.0;False;0.0;0.0;False;0.0;0.0
2301;DER/MG;4272;IMPLANTACAO E RESTAURACAO DE OBRAS DE ARTES ESPECIAIS;230104;Implantação e Restauração de Obras de Artes Especiais;Reforço da Fundação Da Ponte sobre o Ribeirão Macaúbas - MG-020 - Santa Luzia - Jabuticatubas.;Não; 100.000 ;0.0;False;0.0;0.0;False;0.0;0.0;True;0.0;0.0;False;0.0;0.0;False;0.0;0.0;False;0.0;0.0
2301;DER/MG;4272;IMPLANTACAO E RESTAURACAO DE OBRAS DE ARTES ESPECIAIS;230104;Implantação e Restauração de Obras de Artes Especiais;Ponte sobre o Rio Vermelho - Trecho Santa Bárbara- Catas Altas - MG129.;Não; 100.000 ;0.0;False;0.0;0.0;False;0.0;0.0;True;0.0;0.0;False;0.0;0.0;False;0.0;0.0;False;0.0;0.0
2301;DER/MG;4272;IMPLANTACAO E RESTAURACAO DE OBRAS DE ARTES ESPECIAIS;230104;Implantação e Restauração de Obras de Artes Especiais;Ponte sobre o Rio Araguari;Não; 100.000 ;0.0;False;0.0;0.0;False;0.0;0.0;True;0.0;0.0;False;0.0;0.0;False;0.0;0.0;False;0.0;0.0
2301;DER/MG;4272;IMPLANTACAO E RESTAURACAO DE OBRAS DE ARTES ESPECIAIS;230104;Implantação e Restauração de Obras de Artes Especiais;Ponte - Ribeirão Dos Pandeiros;Não; 100.000 ;0.0;False;0.0;0.0;False;0.0;0.0;True;0.0;0.0;False;0.0;0.0;False;0.0;0.0;False;0.0;0.0
2301;DER/MG;4272;IMPLANTACAO E RESTAURACAO DE OBRAS DE ARTES ESPECIAIS;230104;Implantação e Restauração de Obras de Artes Especiais;Ponte sobre o Extravasor;Não; 100.000 ;0.0;False;0.0;0.0;False;0.0;0.0;True;0.0;0.0;False;0.0;0.0;False;0.0;0.0;False;0.0;0.0
2301;DER/MG;4272;IMPLANTACAO E RESTAURACAO DE OBRAS DE ARTES ESPECIAIS;230104;Implantação e Restauração de Obras de Artes Especiais;Ponte sobre o Rio Jaquitinhonha - Diamantina - Milho Verde (82,0m X 10,3m);Não; 100.000 ;0.0;False;0.0;0.0;False;0.0;0.0;True;0.0;0.0;False;0.0;0.0;False;0.0;0.0;False;0.0;0.0
1401;CBMMG;4114;GESTAO DA PREVENCAO, MITIGACAO E PREPARACAO DE DESASTRE;140101;Aquisição de viaturas para fortalecimento da capacidade logística operacional do Corpo de Bombeiros Militar de Minas Gerais.;Aquisição de Viaturas para Salvamento de Vítimas e Combate a Incêndios ;Não; 15.592.000 ;0.0;True;0.0;0.0;True;0.0;0.0;True;0.0;0.0;True;0.0;0.0;True;0.0;0.0;True;0.0;0.0
1401;CBMMG;4114;GESTAO DA PREVENCAO, MITIGACAO E PREPARACAO DE DESASTRE;140101;Aquisição de viaturas para fortalecimento da capacidade logística operacional do Corpo de Bombeiros Militar de Minas Gerais.;Aquisição de Viaturas tipo Unidade de Resgate - Ambulâncias ;Não; 2.027.500 ;0.0;True;0.0;0.0;True;0.0;0.0;True;0.0;0.0;True;0.0;0.0;True;0.0;0.0;True;0.0;0.0
2301;DER/MG;4275;IMPLANTACAO/PAVIMENTACAO DA MALHA;230101;Implantação do Contorno de Andradas;Implantação do Contorno de Andradas (Execução da Obra);Não; 35.000.000 ;0.0;False;0.0;0.0;False;0.0;0.0;False;0.0;0.0;True;0.0;0.0;True;0.0;0.0;True;0.0;0.0
2301;DER/MG;4162;SUPORTE A GESTAO DOS ATIVOS RODOVIARIOS;230102;Suporte à Gestão dos Ativos Rodoviários;Contratação de empresa para prestação de serviços especiais de apoio à coordenação e apoio técnico no planejamento, monitoramento e avaliação do portfólio de empreendimentos do DER-MG;Não; 2.309.981 ;0.0;True;0.0;0.0;True;0.0;0.0;True;0.0;0.0;True;0.0;0.0;True;0.0;0.0;True;0.0;0.0
2301;DER/MG;4162;SUPORTE A GESTAO DOS ATIVOS RODOVIARIOS;230102;Suporte à Gestão dos Ativos Rodoviários; Prestação de Serviços de desenvolvimento de soluções tecnológicas para a avaliação da conservação de rodovias, otimização das intervenções de segurança viária, avaliação objetiva de pavimentos e para a prospecção de tecnologias para fiscalização do excesso de peso dos caminhões que trafegam pelas rodovias do estado que estejam no âmbito de circunscrição do DER-MG;Não; 2.947.048 ;0.0;True;0.0;0.0;True;0.0;0.0;True;0.0;0.0;True;0.0;0.0;True;0.0;0.0;True;0.0;0.0
2301;DER/MG;4162;SUPORTE A GESTAO DOS ATIVOS RODOVIARIOS;230102;Suporte à Gestão dos Ativos Rodoviários;Consultoria técnica para levantamentos e avaliações de serviços de engenharia rodoviária nas rodovias sob a jurisdição do Departamento de Estradas de Rodagem do Estado de Minas Gerais - DER-MG, divididos em 5 (cinco) lotes: LOTE 1:  Unidades Regionais (URGs) do DER-MG: 04ª URG - Barbacena, 10ª URG - Varginha, 15ª URG - Poços de Caldas, 16ª URG - Oliveira, 19ª URG - Itajubá, 20ª URG - Formiga, 24ª URG - Passos e 30ª URG - Juiz de Fora.;Não; 5.023.528 ;0.0;True;0.0;0.0;True;0.0;0.0;True;0.0;0.0;True;0.0;0.0;True;0.0;0.0;True;0.0;0.0
2301;DER/MG;4162;SUPORTE A GESTAO DOS ATIVOS RODOVIARIOS;230102;Suporte à Gestão dos Ativos Rodoviários;Consultoria técnica para levantamentos e avaliações de serviços de engenharia rodoviária nas rodovias sob a jurisdição do Departamento de Estradas de Rodagem do Estado de Minas Gerais - DER-MG, divididos em 5 (cinco) lotes: LOTE 2:  Unidades Regionais (URGs) do DER-MG: 07ª URG – Araxá, 11ª URG – Uberlândia, 14ª URG - Patos de Minas, 18ª URG - Monte Carmelo, 25ª URG - Uberaba, 26ª URG – Paracatu, 31ª URG – Ituiutaba, 39ª URG - João Pinheiro;Não; 4.889.041 ;0.0;True;0.0;0.0;True;0.0;0.0;True;0.0;0.0;True;0.0;0.0;True;0.0;0.0;True;0.0;0.0
2301;DER/MG;4162;SUPORTE A GESTAO DOS ATIVOS RODOVIARIOS;230102;Suporte à Gestão dos Ativos Rodoviários;Consultoria técnica para levantamentos e avaliações de serviços de engenharia rodoviária nas rodovias sob a jurisdição do Departamento de Estradas de Rodagem do Estado de Minas Gerais - DER-MG, divididos em 5 (cinco) lotes: LOTE 3:  Unidades Regionais (URGs) do DER-MG: 06ª URG - Montes Claros, 13ª URG - Brasília de Minas, 22ª URG – Araçuaí, 32ª URG – Janaúba, 33ª URG – Pirapora, 34ª URG – Salinas, 36ª URG – Arinos e 37ª URG – Januária;Não; 4.918.251 ;0.0;True;0.0;0.0;True;0.0;0.0;True;0.0;0.0;True;0.0;0.0;True;0.0;0.0;True;0.0;0.0
2301;DER/MG;4162;SUPORTE A GESTAO DOS ATIVOS RODOVIARIOS;230102;Suporte à Gestão dos Ativos Rodoviários;Consultoria técnica para levantamentos e avaliações de serviços de engenharia rodoviária nas rodovias sob a jurisdição do Departamento de Estradas de Rodagem do Estado de Minas Gerais - DER-MG, divididos em 5 (cinco) lotes:  LOTE 4:  Unidades Regionais (URGs) do DER-MG: 5ª URG - Ubá, 17ª URG - Ponte Nova, 21ª URG – Jequitinhonha, 23ª URG - Gov. Valadares, 27ª URG - Pedra Azul, 28ª URG - Teófilo Otoni, 29ª URG – Manhumirim, 40ª URG - Cel. Fabriciano;Não; 4.955.602 ;0.0;True;0.0;0.0;True;0.0;0.0;True;0.0;0.0;True;0.0;0.0;True;0.0;0.0;True;0.0;0.0
2301;DER/MG;4162;SUPORTE A GESTAO DOS ATIVOS RODOVIARIOS;230102;Suporte à Gestão dos Ativos Rodoviários;Consultoria técnica para levantamentos e avaliações de serviços de engenharia rodoviária nas rodovias sob a jurisdição do Departamento de Estradas de Rodagem do Estado de Minas Gerais - DER-MG, divididos em 5 (cinco) lotes: LOTE 5: Unidades Regionais (URGs) do DER-MG: 01ª URG - Belo Horizonte, 02ª URG – Guanhães, 03ª URG - Pará de Minas, 08ª URG – Diamantina, 09ª URG - Curvelo, 12ª URG – Itabira, 35ª URG – Abaeté e 38ª URG – Capelinha;Não; 4.912.902 ;0.0;True;0.0;0.0;True;0.0;0.0;True;0.0;0.0;True;0.0;0.0;True;0.0;0.0;True;0.0;0.0
2301;DER/MG;4162;SUPORTE A GESTAO DOS ATIVOS RODOVIARIOS;230102;Suporte à Gestão dos Ativos Rodoviários;Apoio a supervisão dos contratos relacionados aos estudos geotécnicos, geológicos e topográficos, bem como ao levantamento da malha rodoviária e a implementação do SICOR.;Não; 6.000.000 ;0.0;True;0.0;0.0;True;0.0;0.0;True;0.0;0.0;True;0.0;0.0;True;0.0;0.0;True;0.0;0.0
2301;DER/MG;4162;SUPORTE A GESTAO DOS ATIVOS RODOVIARIOS;230102;Suporte à Gestão dos Ativos Rodoviários;Aquisição de software;Não; 500.000 ;0.0;False;0.0;0.0;False;0.0;0.0;True;0.0;0.0;False;0.0;0.0;False;0.0;0.0;False;0.0;0.0
2301;DER/MG;4162;SUPORTE A GESTAO DOS ATIVOS RODOVIARIOS;230102;Suporte à Gestão dos Ativos Rodoviários;Revisão, Adequação e Criação de Composições de Custos, Criação de Manuais e Cadernos Técnicos e Pesquisa e Cálculo de preços referenciais de insumos para Obras de Infraestrutura Rodoviária, visando a continuidade da implantação do sistema de Custos e Orçamentos Referenciais de Obras e Serviços de Engenharia do Estado de Minas Gerais - SICOR/MG.;Não; 7.500.000 ;0.0;True;0.0;0.0;True;0.0;0.0;True;0.0;0.0;True;0.0;0.0;True;0.0;0.0;True;0.0;0.0
2301;DER/MG;4162;SUPORTE A GESTAO DOS ATIVOS RODOVIARIOS;230102;Suporte à Gestão dos Ativos Rodoviários;Execução de  serviços de estudos geotécnicos;Não; 600.000 ;0.0;True;0.0;0.0;True;0.0;0.0;True;0.0;0.0;True;0.0;0.0;True;0.0;0.0;True;0.0;0.0
2301;DER/MG;4162;SUPORTE A GESTAO DOS ATIVOS RODOVIARIOS;230102;Suporte à Gestão dos Ativos Rodoviários;Realização de pesquisa de preços de mercado para os insumos utilizados no sistema de custos e orçamentos referenciais de obras e serviços de engenharia do estado de minas gerais (sicor-mg) e prestação de apoio técnico na elaboração de orçamentos para as obras do estado de minas gerais.;Não; 1.050.000 ;0.0;True;0.0;0.0;True;0.0;0.0;True;0.0;0.0;True;0.0;0.0;True;0.0;0.0;True;0.0;0.0
2301;DER/MG;4162;SUPORTE A GESTAO DOS ATIVOS RODOVIARIOS;230102;Suporte à Gestão dos Ativos Rodoviários;Execução de serviços de sondagens, SPT, Rotativa, mista e PDL para investigação de solo em rodovias sob jurisdição do DER-MG;Não; 600.000 ;0.0;True;0.0;0.0;True;0.0;0.0;True;0.0;0.0;True;0.0;0.0;True;0.0;0.0;True;0.0;0.0
2301;DER/MG;4162;SUPORTE A GESTAO DOS ATIVOS RODOVIARIOS;230102;Suporte à Gestão dos Ativos Rodoviários;Prestação de Serviço de Engenharia especializado para atualização do cadastro geral das rodovias para fins de gestão dos ativos rodoviários da malha Estadual;Não; 12.000.000 ;0.0;True;0.0;0.0;True;0.0;0.0;True;0.0;0.0;True;0.0;0.0;True;0.0;0.0;True;0.0;0.0
2301;DER/MG;4162;SUPORTE A GESTAO DOS ATIVOS RODOVIARIOS;230102;Suporte à Gestão dos Ativos Rodoviários;Equipamentos do laboratório;Não; 700.000 ;0.0;False;0.0;0.0;False;0.0;0.0;True;0.0;0.0;False;0.0;0.0;False;0.0;0.0;False;0.0;0.0
2301;DER/MG;4162;SUPORTE A GESTAO DOS ATIVOS RODOVIARIOS;230102;Suporte à Gestão dos Ativos Rodoviários;Contratação de serviço comum de engenharia para a realização de estudos topográficos (levantamento topográfico e cadastral) sob demanda, futura e eventual;Não; 600.000 ;0.0;True;0.0;0.0;True;0.0;0.0;True;0.0;0.0;True;0.0;0.0;True;0.0;0.0;True;0.0;0.0
2301;DER/MG;4268;AMPLIACAO DE CAPACIDADE DA MALHA E RESTAURACAO DO PAVIMENTO;230103;Ampliação de Capacidade da Malha Viária;RESTAURAÇÃO CONGONHAS DO NORTE - CONCEIÇÃO DO MATO DENTRO, LMG-739;Não; 4.950.000 ;0.0;True;0.0;0.0;True;0.0;0.0;False;0.0;0.0;False;0.0;0.0;False;0.0;0.0;False;0.0;0.0
2301;DER/MG;4268;AMPLIACAO DE CAPACIDADE DA MALHA E RESTAURACAO DO PAVIMENTO;230103;Ampliação de Capacidade da Malha Viária;RESTAURAÇÃO ENTR. MG-344 (CÁSSIA) - DIVISA MG/SP, NA MG-444;Não; 11.000.000 ;0.0;True;0.0;0.0;True;0.0;0.0;False;0.0;0.0;False;0.0;0.0;False;0.0;0.0;False;0.0;0.0
2301;DER/MG;4268;AMPLIACAO DE CAPACIDADE DA MALHA E RESTAURACAO DO PAVIMENTO;230103;Ampliação de Capacidade da Malha Viária;RESTAURAÇÃO PATOS DE MINAS (ENTR. BR-365) - ENTR. MG-410;Não; 900.001 ;0.0;True;0.0;0.0;False;0.0;0.0;False;0.0;0.0;False;0.0;0.0;False;0.0;0.0;False;0.0;0.0
2301;DER/MG;4268;AMPLIACAO DE CAPACIDADE DA MALHA E RESTAURACAO DO PAVIMENTO;230103;Ampliação de Capacidade da Malha Viária;ENTRº BR-354 (B)(CAXAMBÚ) - ENTRº BR-381 (PALMELA);Não; 3.742.688 ;0.0;False;0.0;0.0;False;0.0;0.0;True;0.0;0.0;True;0.0;0.0;False;0.0;0.0;False;0.0;0.0
2301;DER/MG;4268;AMPLIACAO DE CAPACIDADE DA MALHA E RESTAURACAO DO PAVIMENTO;230103;Ampliação de Capacidade da Malha Viária;SERRA DO SALITRE - SALITRE DE MINAS;Não; 3.742.688 ;0.0;False;0.0;0.0;False;0.0;0.0;True;0.0;0.0;True;0.0;0.0;False;0.0;0.0;False;0.0;0.0
2301;DER/MG;4268;AMPLIACAO DE CAPACIDADE DA MALHA E RESTAURACAO DO PAVIMENTO;230103;Ampliação de Capacidade da Malha Viária;RESTAURAÇÃO DO TRECHO ENTR. LMG-764 (P/ MATUTINA) - SÃO GOTARDO E 3ª FAIXA, NA RODOVIA MG-235;Não; 3.742.688 ;0.0;False;0.0;0.0;False;0.0;0.0;True;0.0;0.0;True;0.0;0.0;False;0.0;0.0;False;0.0;0.0
2301;DER/MG;4268;AMPLIACAO DE CAPACIDADE DA MALHA E RESTAURACAO DO PAVIMENTO;230103;Ampliação de Capacidade da Malha Viária;RESTAURAÇÃO DO TRECHO SÃO GOTARDO - ENTR. BR-354 (P/ PATOS DE MINAS), NA RODOVIA MG-235, COM EXTENSÃO DE 8,10 KM;Não; 3.742.688 ;0.0;False;0.0;0.0;False;0.0;0.0;True;0.0;0.0;True;0.0;0.0;False;0.0;0.0;False;0.0;0.0
2301;DER/MG;4268;AMPLIACAO DE CAPACIDADE DA MALHA E RESTAURACAO DO PAVIMENTO;230103;Ampliação de Capacidade da Malha Viária;RESTAURAÇÃO DO TRECHO TIMÓTEO - ENTR. LMG-760 (CAVA GRANDE), NA RODOVIA LMG-760, COM EXTENSÃO DE 8,0 KM;Não; 5.300.000 ;0.0;False;0.0;0.0;False;0.0;0.0;True;0.0;0.0;True;0.0;0.0;True;0.0;0.0;False;0.0;0.0
2301;DER/MG;4268;AMPLIACAO DE CAPACIDADE DA MALHA E RESTAURACAO DO PAVIMENTO;230103;Ampliação de Capacidade da Malha Viária;RESTAURAÇÃO DO TRECHO ENTRº MG-285 (P/ PIRAÚBA) - ENTRº MG-448/452 (P/ PAIVA) E 3ª FAIXA, NA RODOVIA MGC-265;Não; 3.742.688 ;0.0;False;0.0;0.0;False;0.0;0.0;True;0.0;0.0;True;0.0;0.0;False;0.0;0.0;False;0.0;0.0
2301;DER/MG;4268;AMPLIACAO DE CAPACIDADE DA MALHA E RESTAURACAO DO PAVIMENTO;230103;Ampliação de Capacidade da Malha Viária;RESTAURAÇÃO DO TRECHO ENTR MGC-265/ MG-452 (P/PAIVA) - ENTR. BR-040, NA RODOVIA MG-448, COM EXTENSÃO DE 27,90 KM;Não; 3.742.688 ;0.0;False;0.0;0.0;False;0.0;0.0;True;0.0;0.0;True;0.0;0.0;False;0.0;0.0;False;0.0;0.0
2301;DER/MG;4268;AMPLIACAO DE CAPACIDADE DA MALHA E RESTAURACAO DO PAVIMENTO;230103;Ampliação de Capacidade da Malha Viária;RESTAURAÇÃO DO TRECHO ENTRº MGC-120 (B) (DONA EUZÉBIA) - ENTRº MG-C265, NA RODOVIA MG-285, COM EXTENSÃO DE 33,70 KM;Não; 3.742.688 ;0.0;False;0.0;0.0;False;0.0;0.0;True;0.0;0.0;True;0.0;0.0;False;0.0;0.0;False;0.0;0.0
2301;DER/MG;4268;AMPLIACAO DE CAPACIDADE DA MALHA E RESTAURACAO DO PAVIMENTO;230103;Ampliação de Capacidade da Malha Viária;RECUPERAÇÃO FUNCIONAL DO PAVIMENTO NA RODOVIA MG-010, TRECHO CONCEIÇÃO DO MATO DENTRO - SERRO (DISTRITO DE MATO GROSSO);Não; 18.000.000 ;0.0;False;0.0;0.0;True;0.0;0.0;True;0.0;0.0;True;0.0;0.0;True;0.0;0.0;False;0.0;0.0
2301;DER/MG;4275;IMPLANTACAO/PAVIMENTACAO DA MALHA;230105;Implantação/Pavimentação da Malha;ACESSO CMAA - TREVO DE CANÁPOLIS;Não; 100.000 ;0.0;True;0.0;0.0;False;0.0;0.0;False;0.0;0.0;False;0.0;0.0;False;0.0;0.0;False;0.0;0.0
2301;DER/MG;4275;IMPLANTACAO/PAVIMENTACAO DA MALHA;230105;Implantação/Pavimentação da Malha;APOIO TÉCNICO PARA ANÁLISE E DESENVOLVIMENTO DE PROJETOS RODOVIÁRIOS;Não; 12.000.000 ;0.0;True;0.0;0.0;True;0.0;0.0;True;0.0;0.0;True;0.0;0.0;True;0.0;0.0;True;0.0;0.0
2301;DER/MG;4275;IMPLANTACAO/PAVIMENTACAO DA MALHA;230105;Implantação/Pavimentação da Malha;CAMBUÍ - CONSOLAÇÃO, MG-295;Não; 150.000 ;0.0;True;0.0;0.0;False;0.0;0.0;False;0.0;0.0;False;0.0;0.0;False;0.0;0.0;False;0.0;0.0
2301;DER/MG;4275;IMPLANTACAO/PAVIMENTACAO DA MALHA;230105;Implantação/Pavimentação da Malha;CONTORNO SUL DE UBERLÂNDIA;Não; 27.500.000 ;0.0;True;0.0;0.0;True;0.0;0.0;True;0.0;0.0;True;0.0;0.0;False;0.0;0.0;False;0.0;0.0
2301;DER/MG;4275;IMPLANTACAO/PAVIMENTACAO DA MALHA;230105;Implantação/Pavimentação da Malha; INTERSEÇÃO PARA PATROCÍNIO - TREVO DE ENXÓ, KM 105, NO TRECHO ENTR. MG-187 - ENTR. BR-365, NA RODOVIA MG-230;Não; 1.630.000 ;0.0;False;0.0;0.0;True;0.0;0.0;True;0.0;0.0;False;0.0;0.0;False;0.0;0.0;False;0.0;0.0
2301;DER/MG;4275;IMPLANTACAO/PAVIMENTACAO DA MALHA;230105;Implantação/Pavimentação da Malha; ITAPAGIPE - ENTR. BR-364 (CAMPINA VERDE), MGC-154;Não; 5.650.000 ;0.0;False;0.0;0.0;False;0.0;0.0;False;0.0;0.0;True;0.0;0.0;True;0.0;0.0;True;0.0;0.0
2301;DER/MG;4275;IMPLANTACAO/PAVIMENTACAO DA MALHA;230105;Implantação/Pavimentação da Malha;JANUÁRIA - TEJUCO - PANDEIROS, NA MGC-479;Não; 52.000.000 ;0.0;False;0.0;0.0;False;0.0;0.0;True;0.0;0.0;True;0.0;0.0;True;0.0;0.0;True;0.0;0.0
2301;DER/MG;4275;IMPLANTACAO/PAVIMENTACAO DA MALHA;230105;Implantação/Pavimentação da Malha;PARACATU - ENTRE RIBEIROS (LOTE 02) 25 KM;Não; 5.060.000 ;0.0;False;0.0;0.0;True;0.0;0.0;True;0.0;0.0;True;0.0;0.0;True;0.0;0.0;True;0.0;0.0
2301;DER/MG;4275;IMPLANTACAO/PAVIMENTACAO DA MALHA;230105;Implantação/Pavimentação da Malha;PROJETO: ARAÇUAÍ - NOVO CRUZEIRO, LMG-678;Não; 1.000.000 ;0.0;True;0.0;0.0;True;0.0;0.0;True;0.0;0.0;True;0.0;0.0;True;0.0;0.0;True;0.0;0.0
2301;DER/MG;4275;IMPLANTACAO/PAVIMENTACAO DA MALHA;230105;Implantação/Pavimentação da Malha;PROJETO: ATALÉIA - DIVISA MG/ES, MG-412;Não; 100.000 ;0.0;True;0.0;0.0;False;0.0;0.0;False;0.0;0.0;False;0.0;0.0;False;0.0;0.0;False;0.0;0.0
2301;DER/MG;4275;IMPLANTACAO/PAVIMENTACAO DA MALHA;230105;Implantação/Pavimentação da Malha;PROJETO: ATALÉIA - OURO VERDE, BR-352 (FED);Não; 125.000 ;0.0;True;0.0;0.0;False;0.0;0.0;False;0.0;0.0;False;0.0;0.0;False;0.0;0.0;False;0.0;0.0
2301;DER/MG;4275;IMPLANTACAO/PAVIMENTACAO DA MALHA;230105;Implantação/Pavimentação da Malha;PROJETO: CAPELINHA (ENTR. MG-308) - ITAMARANDIBA, MG-214;Não; 1.350.000 ;0.0;True;0.0;0.0;True;0.0;0.0;True;0.0;0.0;False;0.0;0.0;False;0.0;0.0;False;0.0;0.0
2301;DER/MG;4275;IMPLANTACAO/PAVIMENTACAO DA MALHA;230105;Implantação/Pavimentação da Malha; PROJETO: CARRANCAS - MINDURI, MG-451;Não; 250.000 ;0.0;True;0.0;0.0;True;0.0;0.0;True;0.0;0.0;False;0.0;0.0;False;0.0;0.0;False;0.0;0.0
2301;DER/MG;4275;IMPLANTACAO/PAVIMENTACAO DA MALHA;230105;Implantação/Pavimentação da Malha; PROJETO: CONTORNO DE CAETÉ;Não; 2.100.000 ;0.0;True;0.0;0.0;True;0.0;0.0;True;0.0;0.0;True;0.0;0.0;True;0.0;0.0;True;0.0;0.0
2301;DER/MG;4275;IMPLANTACAO/PAVIMENTACAO DA MALHA;230105;Implantação/Pavimentação da Malha; PROJETO: CONTORNO DE IBIÁ;Não; 70.000 ;0.0;True;0.0;0.0;True;0.0;0.0;True;0.0;0.0;False;0.0;0.0;False;0.0;0.0;False;0.0;0.0
2301;DER/MG;4275;IMPLANTACAO/PAVIMENTACAO DA MALHA;230105;Implantação/Pavimentação da Malha; PROJETO: CONTORNO DE PONTE NOVA;Não; 180.000 ;0.0;True;0.0;0.0;False;0.0;0.0;False;0.0;0.0;False;0.0;0.0;False;0.0;0.0;False;0.0;0.0
2301;DER/MG;4275;IMPLANTACAO/PAVIMENTACAO DA MALHA;230105;Implantação/Pavimentação da Malha; PROJETO: CORAÇÃO DE JESUS - IBIAÍ, MGC-251;Não; 340.000 ;0.0;True;0.0;0.0;True;0.0;0.0;True;0.0;0.0;True;0.0;0.0;True;0.0;0.0;True;0.0;0.0
2301;DER/MG;4275;IMPLANTACAO/PAVIMENTACAO DA MALHA;230105;Implantação/Pavimentação da Malha; PROJETO: ENTR. BR-479 (CABECEIRA DA MATA) - ENTR. LMG-628 (GARAPUAVA), LMG-644;Não; 230.000 ;0.0;True;0.0;0.0;True;0.0;0.0;False;0.0;0.0;False;0.0;0.0;False;0.0;0.0;False;0.0;0.0
2301;DER/MG;4275;IMPLANTACAO/PAVIMENTACAO DA MALHA;230105;Implantação/Pavimentação da Malha; PROJETO: ENTR. CACHOEIRA DO MANTEIGA - ENTR. BR-365, MG-161;Não; 2.690.000 ;0.0;True;0.0;0.0;True;0.0;0.0;False;0.0;0.0;False;0.0;0.0;False;0.0;0.0;False;0.0;0.0
2301;DER/MG;4275;IMPLANTACAO/PAVIMENTACAO DA MALHA;230105;Implantação/Pavimentação da Malha; PROJETO: ENTR. MG-129 (CATAS ALTAS) - FONSECA - ALVINÓPOLIS, MG-326;Não; 405.000 ;0.0;True;0.0;0.0;True;0.0;0.0;False;0.0;0.0;False;0.0;0.0;False;0.0;0.0;False;0.0;0.0
2301;DER/MG;4275;IMPLANTACAO/PAVIMENTACAO DA MALHA;230105;Implantação/Pavimentação da Malha; PROJETO: ENTR. MGC-418 (CARLOS CHAGAS) - DIVISA MG/ES (VILA PEREIRA), LMG-718;Não; 185.000 ;0.0;True;0.0;0.0;True;0.0;0.0;False;0.0;0.0;False;0.0;0.0;False;0.0;0.0;False;0.0;0.0
2301;DER/MG;4275;IMPLANTACAO/PAVIMENTACAO DA MALHA;230105;Implantação/Pavimentação da Malha; PROJETO: GUIDOVAL - MIRAÍ, CMG-265;Não; 250.000 ;0.0;True;0.0;0.0;True;0.0;0.0;True;0.0;0.0;False;0.0;0.0;False;0.0;0.0;False;0.0;0.0
2301;DER/MG;4275;IMPLANTACAO/PAVIMENTACAO DA MALHA;230105;Implantação/Pavimentação da Malha; PROJETO: LUMINÁRIAS - SÃO BENTO DO ABADE, LMG-862;Não; 110.000 ;0.0;True;0.0;0.0;True;0.0;0.0;True;0.0;0.0;False;0.0;0.0;False;0.0;0.0;False;0.0;0.0
2301;DER/MG;4275;IMPLANTACAO/PAVIMENTACAO DA MALHA;230105;Implantação/Pavimentação da Malha; PROJETO: MAJOR PORTO - QUINTINOS, LMG-743;Não; 150.000 ;0.0;True;0.0;0.0;True;0.0;0.0;True;0.0;0.0;False;0.0;0.0;False;0.0;0.0;False;0.0;0.0
2301;DER/MG;4275;IMPLANTACAO/PAVIMENTACAO DA MALHA;230105;Implantação/Pavimentação da Malha; PROJETO: MAR DE ESPANHA - DIVISA MG/RJ, MGC-126;Não; 220.000 ;0.0;True;0.0;0.0;True;0.0;0.0;True;0.0;0.0;False;0.0;0.0;False;0.0;0.0;False;0.0;0.0
2301;DER/MG;4275;IMPLANTACAO/PAVIMENTACAO DA MALHA;230105;Implantação/Pavimentação da Malha; PROJETO: MARILAC - NACIP RAYDAN (ENTR. P/ SÃO JOSÉ DA SAFIRA), LMG-744;Não; 145.000 ;0.0;True;0.0;0.0;True;0.0;0.0;True;0.0;0.0;False;0.0;0.0;False;0.0;0.0;False;0.0;0.0
2301;DER/MG;4275;IMPLANTACAO/PAVIMENTACAO DA MALHA;230105;Implantação/Pavimentação da Malha; PROJETO: NATALÂNDIA - ENTR. BR-251, LMG-622;Não; 50.000 ;0.0;True;0.0;0.0;True;0.0;0.0;False;0.0;0.0;False;0.0;0.0;False;0.0;0.0;False;0.0;0.0
2301;DER/MG;4275;IMPLANTACAO/PAVIMENTACAO DA MALHA;230105;Implantação/Pavimentação da Malha; PROJETO: NOVO CRUZEIRO - LADAINHA  ;Não; 300.000 ;0.0;True;0.0;0.0;True;0.0;0.0;True;0.0;0.0;False;0.0;0.0;False;0.0;0.0;False;0.0;0.0
2301;DER/MG;4275;IMPLANTACAO/PAVIMENTACAO DA MALHA;230105;Implantação/Pavimentação da Malha; PROJETO: PAVÃO - CARLOS CHAGAS, MG-105;Não; 300.000 ;0.0;True;0.0;0.0;True;0.0;0.0;True;0.0;0.0;False;0.0;0.0;False;0.0;0.0;False;0.0;0.0
2301;DER/MG;4275;IMPLANTACAO/PAVIMENTACAO DA MALHA;230105;Implantação/Pavimentação da Malha; PROJETO: PONTE NOVA - BARRA LONGA, MG-326;Não; 260.000 ;0.0;True;0.0;0.0;True;0.0;0.0;False;0.0;0.0;False;0.0;0.0;False;0.0;0.0;False;0.0;0.0
2301;DER/MG;4275;IMPLANTACAO/PAVIMENTACAO DA MALHA;230105;Implantação/Pavimentação da Malha; PROJETO: RAVENA (ENTR. BR-381) - SABARÁ;Não; 1.125.000 ;0.0;True;0.0;0.0;True;0.0;0.0;True;0.0;0.0;False;0.0;0.0;False;0.0;0.0;False;0.0;0.0
2301;DER/MG;4275;IMPLANTACAO/PAVIMENTACAO DA MALHA;230105;Implantação/Pavimentação da Malha; PROJETO: SÃO DOMINGOS DO PRATA - DOM SILVÉRIO, MGC-120;Não; 360.000 ;0.0;True;0.0;0.0;True;0.0;0.0;True;0.0;0.0;False;0.0;0.0;False;0.0;0.0;False;0.0;0.0
2301;DER/MG;4275;IMPLANTACAO/PAVIMENTACAO DA MALHA;230105;Implantação/Pavimentação da Malha; PROJETO: SERRO - TRINTA RÉIS, MGC-259;Não; 300.000 ;0.0;True;0.0;0.0;True;0.0;0.0;True;0.0;0.0;False;0.0;0.0;False;0.0;0.0;False;0.0;0.0
2301;DER/MG;4275;IMPLANTACAO/PAVIMENTACAO DA MALHA;230105;Implantação/Pavimentação da Malha; PROJETO: VAZANTE - ENTR. BR-040, LMG-706;Não; 800.000 ;0.0;True;0.0;0.0;True;0.0;0.0;False;0.0;0.0;False;0.0;0.0;False;0.0;0.0;False;0.0;0.0
2301;DER/MG;4275;IMPLANTACAO/PAVIMENTACAO DA MALHA;230105;Implantação/Pavimentação da Malha; RIO PARDO DE MINAS - ENTR. LMG-635 (MATO VERDE), RODOVIA LMG-629 (LOTE 01);Não; 1.400.000 ;0.0;True;0.0;0.0;True;0.0;0.0;True;0.0;0.0;False;0.0;0.0;False;0.0;0.0;False;0.0;0.0
2301;DER/MG;4275;IMPLANTACAO/PAVIMENTACAO DA MALHA;230105;Implantação/Pavimentação da Malha;ANEL RODOVIÁRIO DE PONTE NOVA (APOIO DPEI);Não; 25.222.750 ;0.0;False;0.0;0.0;False;0.0;0.0;True;0.0;0.0;True;0.0;0.0;True;0.0;0.0;True;0.0;0.0
2301;DER/MG;4275;IMPLANTACAO/PAVIMENTACAO DA MALHA;230105;Implantação/Pavimentação da Malha;ACESSO AO PRESÍDIO DE ITURAMA;Não; 7.206.500 ;0.0;False;0.0;0.0;False;0.0;0.0;True;0.0;0.0;True;0.0;0.0;True;0.0;0.0;True;0.0;0.0
2301;DER/MG;4275;IMPLANTACAO/PAVIMENTACAO DA MALHA;230105;Implantação/Pavimentação da Malha;INTERSEÇÕES EM PATOS DE MINAS;Não; 10.809.750 ;0.0;False;0.0;0.0;False;0.0;0.0;True;0.0;0.0;True;0.0;0.0;True;0.0;0.0;True;0.0;0.0
2301;DER/MG;4275;IMPLANTACAO/PAVIMENTACAO DA MALHA;230105;Implantação/Pavimentação da Malha;JABOTICATUBAS - LAGOA SANTA;Não; 10.809.750 ;0.0;False;0.0;0.0;False;0.0;0.0;True;0.0;0.0;True;0.0;0.0;True;0.0;0.0;True;0.0;0.0
2301;DER/MG;4275;IMPLANTACAO/PAVIMENTACAO DA MALHA;230105;Implantação/Pavimentação da Malha;"IMPLANTAÇÃO E PAVIMENTAÇÃO DO CONTORNO NORTE DE LAGOA SANTA, 11,40 KM; DESVIO OPERACIONAL ENTRº MG/010 - CONFINS - ENTRº MG/424; CONSTRUÇÃO DOS VIADUTOS I, II E III NAS INTERSEÇÕES DO CONTORNO NORTE DE LAGOA SANTA (LMG/800, AITN); CONSTRUÇÃO DA PONTE SOBRE O CÓRREGO JAQUE; CONSTRUÇÃO DAS PASSAGENS INFERIORES ENTRº RODOVIA 900 AMG/115 (GRUTA LAPINHA) E RUA ANTÔNIO RODRIGUES DE FREITAS (SANGRADOURO)";Não; 1.441.300 ;0.0;False;0.0;0.0;False;0.0;0.0;True;0.0;0.0;True;0.0;0.0;True;0.0;0.0;True;0.0;0.0
2301;DER/MG;4275;IMPLANTACAO/PAVIMENTACAO DA MALHA;230105;Implantação/Pavimentação da Malha;MEDEIROS - PRATINHA, NA LMG-827;Não; 16.574.950 ;0.0;False;0.0;0.0;False;0.0;0.0;True;0.0;0.0;True;0.0;0.0;True;0.0;0.0;True;0.0;0.0
2301;DER/MG;4275;IMPLANTACAO/PAVIMENTACAO DA MALHA;230105;Implantação/Pavimentação da Malha;COMPLEMENTAÇÃO DOS SERVIÇOS DE MELHORAMENTO E PAVIMENTAÇÃO NO CONTORNO SUL DE UBERLÂNDIA;Não; 5.926.784 ;0.0;False;0.0;0.0;False;0.0;0.0;True;0.0;0.0;False;0.0;0.0;False;0.0;0.0;False;0.0;0.0
2301;DER/MG;4275;IMPLANTACAO/PAVIMENTACAO DA MALHA;230105;Implantação/Pavimentação da Malha;MELHORAMENTO E PAVIMENTAÇÃO ENTRº MG/416 (PEÇANHA) À LMG/744 (COROACI);Não; 65.000.000 ;0.0;False;0.0;0.0;True;0.0;0.0;True;0.0;0.0;True;0.0;0.0;True;0.0;0.0;False;0.0;0.0
2301;DER/MG;4280;MITIGACAO DE DANOS PONTUAIS NAS RODOVIAS;230106;MITIGAÇÃO DE DANOS PONTUAIS NAS RODOVIAS;Recuperação de  pontos críticos afetados das rodovias (trechos diversos);Não; 20.000.000 ;0.0;True;0.0;0.0;True;0.0;0.0;False;0.0;0.0;False;0.0;0.0;False;0.0;0.0;False;0.0;0.0
2301;DER/MG;4284;PREVENCAO E MITIGACAO DE DANOS AMBIENTAIS;230107;Prevenção e Mitigação de Danos Ambientais;Execução de Projeto (Elaboração de EIA/RIMA LMG-827);Não; 350.000 ;0.0;True;0.0;0.0;True;0.0;0.0;True;0.0;0.0;False;0.0;0.0;False;0.0;0.0;False;0.0;0.0
2301;DER/MG;4284;PREVENCAO E MITIGACAO DE DANOS AMBIENTAIS;230107;Prevenção e Mitigação de Danos Ambientais;Execução de Projeto (Elaboração de EIA/RIMA MG-010);Não; 1.000.000 ;0.0;True;0.0;0.0;True;0.0;0.0;True;0.0;0.0;False;0.0;0.0;False;0.0;0.0;False;0.0;0.0
2301;DER/MG;4284;PREVENCAO E MITIGACAO DE DANOS AMBIENTAIS;230107;Prevenção e Mitigação de Danos Ambientais;Execução de Projeto (Elaboração de EIA/RIMA MG-129);Não; 420.000 ;0.0;True;0.0;0.0;True;0.0;0.0;True;0.0;0.0;False;0.0;0.0;False;0.0;0.0;False;0.0;0.0
2301;DER/MG;4284;PREVENCAO E MITIGACAO DE DANOS AMBIENTAIS;230107;Prevenção e Mitigação de Danos Ambientais;Execução de Projeto (Elaboração de EIA/RIMA MG-238);Não; 650.000 ;0.0;True;0.0;0.0;True;0.0;0.0;True;0.0;0.0;False;0.0;0.0;False;0.0;0.0;False;0.0;0.0
2301;DER/MG;4284;PREVENCAO E MITIGACAO DE DANOS AMBIENTAIS;230107;Prevenção e Mitigação de Danos Ambientais;Execução do Serviço (Novo contrato de Apoio à Supervisão Ambiental);Não; 16.200.000 ;0.0;True;0.0;0.0;True;0.0;0.0;True;0.0;0.0;True;0.0;0.0;True;0.0;0.0;True;0.0;0.0
2301;DER/MG;4284;PREVENCAO E MITIGACAO DE DANOS AMBIENTAIS;230107;Prevenção e Mitigação de Danos Ambientais;Execução do Projeto (Estudos socioambientais indígenas - Cônego Marinho - Miravânia);Não; 1.200.000 ;0.0;False;0.0;0.0;True;0.0;0.0;True;0.0;0.0;True;0.0;0.0;True;0.0;0.0;True;0.0;0.0
2301;DER/MG;4284;PREVENCAO E MITIGACAO DE DANOS AMBIENTAIS;230107;Prevenção e Mitigação de Danos Ambientais;Execução do Projeto (Elaboração de EIA/RIMA MG-030);Não; 1.000.000 ;0.0;False;0.0;0.0;True;0.0;0.0;True;0.0;0.0;True;0.0;0.0;True;0.0;0.0;True;0.0;0.0
2301;DER/MG;4284;PREVENCAO E MITIGACAO DE DANOS AMBIENTAIS;230107;Prevenção e Mitigação de Danos Ambientais;Execução do Projeto (Elaboração de EIA/RIMA MG-270);Não; 1.000.000 ;0.0;False;0.0;0.0;True;0.0;0.0;True;0.0;0.0;True;0.0;0.0;True;0.0;0.0;True;0.0;0.0
2301;DER/MG;4284;PREVENCAO E MITIGACAO DE DANOS AMBIENTAIS;230107;Prevenção e Mitigação de Danos Ambientais;Execução do Projeto (EIA/RIMA trecho Alto Rio Doce - Dores do Turvo);Não; 875.000 ;0.0;False;0.0;0.0;False;0.0;0.0;True;0.0;0.0;True;0.0;0.0;True;0.0;0.0;True;0.0;0.0
2301;DER/MG;4284;PREVENCAO E MITIGACAO DE DANOS AMBIENTAIS;230107;Prevenção e Mitigação de Danos Ambientais;Execução da Obra (Execução PRAD Veredas MG-161);Não; 4.000.000 ;0.0;False;0.0;0.0;False;0.0;0.0;False;0.0;0.0;True;0.0;0.0;True;0.0;0.0;True;0.0;0.0
2301;DER/MG;4284;PREVENCAO E MITIGACAO DE DANOS AMBIENTAIS;230107;Prevenção e Mitigação de Danos Ambientais;Execução do Projeto (Projeto de descomissionamento de Postos de Combustíveis  em 10 URGs);Não; 400.000 ;0.0;False;0.0;0.0;False;0.0;0.0;True;0.0;0.0;True;0.0;0.0;True;0.0;0.0;True;0.0;0.0
2301;DER/MG;4284;PREVENCAO E MITIGACAO DE DANOS AMBIENTAIS;230107;Prevenção e Mitigação de Danos Ambientais;Execução da Obra (Execução do descomissionamento de Postos de Combustíveis (10ª e 40ª URGs));Não; 1.000.000 ;0.0;False;0.0;0.0;False;0.0;0.0;False;0.0;0.0;False;0.0;0.0;True;0.0;0.0;True;0.0;0.0
2301;DER/MG;4284;PREVENCAO E MITIGACAO DE DANOS AMBIENTAIS;230107;Prevenção e Mitigação de Danos Ambientais;Execução de Obra (Atendimento de condicionantes ICMBio Serra do Cipó);Não; 700.000 ;0.0;False;0.0;0.0;False;0.0;0.0;False;0.0;0.0;True;0.0;0.0;True;0.0;0.0;True;0.0;0.0
2301;DER/MG;4284;PREVENCAO E MITIGACAO DE DANOS AMBIENTAIS;230107;Prevenção e Mitigação de Danos Ambientais;Execução do Projeto (Projeto de Recuperação de Áreas Degradadas (PRAD) Arinos - Chapada Gaúcha);Não; 600.000 ;0.0;False;0.0;0.0;False;0.0;0.0;True;0.0;0.0;True;0.0;0.0;True;0.0;0.0;True;0.0;0.0
2301;DER/MG;4284;PREVENCAO E MITIGACAO DE DANOS AMBIENTAIS;230107;Prevenção e Mitigação de Danos Ambientais;Execução do Projeto (Projeto Barreira Acústica MGC-356 Bairro Santa Lúcia) ;Não; 400.000 ;0.0;False;0.0;0.0;False;0.0;0.0;False;0.0;0.0;False;0.0;0.0;True;0.0;0.0;True;0.0;0.0
2301;DER/MG;4284;PREVENCAO E MITIGACAO DE DANOS AMBIENTAIS;230107;Prevenção e Mitigação de Danos Ambientais;Execução do Serviço (Programa de Proteção da fauna (Cercas e passagens));Não; 8.105.000 ;0.0;False;0.0;0.0;False;0.0;0.0;False;0.0;0.0;False;0.0;0.0;True;0.0;0.0;True;0.0;0.0
2301;DER/MG;4293;CONSERVACAO ROTINEIRA DA MALHA VIARIA;230108;Conservação Rotineira da Malha Viária;Conservação da malha viária das 40ª urg's;Não; 473.097.086 ;0.0;True;0.0;0.0;True;0.0;0.0;True;0.0;0.0;True;0.0;0.0;True;0.0;0.0;True;0.0;0.0
2301;DER/MG;4293;CONSERVACAO ROTINEIRA DA MALHA VIARIA;230108;Conservação Rotineira da Malha Viária;Apoio a supervisão de obras;Não; 3.360.705 ;0.0;True;0.0;0.0;True;0.0;0.0;True;0.0;0.0;True;0.0;0.0;True;0.0;0.0;True;0.0;0.0
2301;DER/MG;4293;CONSERVACAO ROTINEIRA DA MALHA VIARIA;230108;Conservação Rotineira da Malha Viária;Manutenção LMG800 e MG424 - Linha verde e Complexo Cidade Administrativa;Não; 1.075.357 ;0.0;True;0.0;0.0;True;0.0;0.0;True;0.0;0.0;True;0.0;0.0;True;0.0;0.0;True;0.0;0.0
2301;DER/MG;4293;CONSERVACAO ROTINEIRA DA MALHA VIARIA;230108;Conservação Rotineira da Malha Viária;Realinhamento de preços do fornecimento do material betuminoso;Não; 1.008.211 ;0.0;True;0.0;0.0;True;0.0;0.0;True;0.0;0.0;True;0.0;0.0;True;0.0;0.0;True;0.0;0.0
2301;DER/MG;4385;REABILITACAO DA MALHA VIARIA;230109;Reabilitação da Malha Viária;Reabilitação da AMG-0555 ( Entrº BR -482 (Piranga) - Presidente Bernardes);Não; 10.989.737 ;0.0;False;0.0;0.0;True;0.0;0.0;True;0.0;0.0;True;0.0;0.0;False;0.0;0.0;False;0.0;0.0
2301;DER/MG;4385;REABILITACAO DA MALHA VIARIA;230109;Reabilitação da Malha Viária;Reabilitação da MGC-259/AMG-0810 (Guanhães - Sabinópolis, Sabinópolis - Serro, Entrº MG-010 (Serro) - Alvorada de Minas);Não; 21.600.000 ;0.0;False;0.0;0.0;True;0.0;0.0;True;0.0;0.0;True;0.0;0.0;False;0.0;0.0;False;0.0;0.0
2301;DER/MG;4385;REABILITACAO DA MALHA VIARIA;230109;Reabilitação da Malha Viária;Reabilitação da AMG-1705 (Santa Cruz do Escalvado a Entrº MG-329);Não; 14.700.000 ;0.0;False;0.0;0.0;True;0.0;0.0;True;0.0;0.0;True;0.0;0.0;False;0.0;0.0;False;0.0;0.0
2301;DER/MG;4385;REABILITACAO DA MALHA VIARIA;230109;Reabilitação da Malha Viária;Reabilitação da LMG-845 (Sericita a Entrº BR-262);Não; 16.500.000 ;0.0;False;0.0;0.0;True;0.0;0.0;True;0.0;0.0;True;0.0;0.0;False;0.0;0.0;False;0.0;0.0
2301;DER/MG;4385;REABILITACAO DA MALHA VIARIA;230109;Reabilitação da Malha Viária;Realinhamento de preços do fornecimento do material betuminoso;Não; 2.500.000 ;0.0;True;0.0;0.0;False;0.0;0.0;False;0.0;0.0;False;0.0;0.0;False;0.0;0.0;False;0.0;0.0
4381;FUNTRANS;4210;REGULACAO DO USO E OCUPACAO DA FAIXA DE DOMINIO;438101;Regulação do Uso e Ocupação da Faixa de Domínio;Contratação de serviço comum de engenharia de apoio técnico para supervisão, análise e execução de projetos rodoviários e apoio na execução de políticas públicas no âmbito da gestão da faixa de domínio das rodovias sob responsabilidade do DER-MG;Não; 1.179.260 ;0.0;True;0.0;0.0;True;0.0;0.0;True;0.0;0.0;False;0.0;0.0;False;0.0;0.0;False;0.0;0.0
4381;FUNTRANS;4210;REGULACAO DO USO E OCUPACAO DA FAIXA DE DOMINIO;438101;Regulação do Uso e Ocupação da Faixa de Domínio;Apoio ao DER-MG para desapropriação e regularização expropriatória.;Não; 2.924.750 ;0.0;True;0.0;0.0;True;0.0;0.0;True;0.0;0.0;True;0.0;0.0;True;0.0;0.0;True;0.0;0.0
4381;FUNTRANS;4209;EDUCACAO PARA O TRANSITO;438102;Educação para o Trânsito;Aquisição/fornecimento dos equipamentos;Não; 60.000 ;0.0;False;0.0;0.0;False;0.0;0.0;False;0.0;0.0;False;0.0;0.0;True;0.0;0.0;False;0.0;0.0
4381;FUNTRANS;4382;INTERVENCOES DE SEGURANCA VIARIA;438103;Intervenções de Segurança Viária    ;Desenvolvimento de soluções tecnológicas para a avaliação da conservação de rodovias, otimização das intervenções de segurança viária, avaliação objetiva de pavimentos e para a prospecção de tecnologias para fiscalização do excesso de peso dos caminhões que trafegam pelas rodovias do estado que estejam no âmbito de circunscrição do DER-MG;Não; 137.377 ;0.0;True;0.0;0.0;False;0.0;0.0;False;0.0;0.0;False;0.0;0.0;False;0.0;0.0;False;0.0;0.0
4381;FUNTRANS;4382;INTERVENCOES DE SEGURANCA VIARIA;438103;Intervenções de Segurança Viária    ;Execução dos serviços - Contratação de empresa para execução de serviços de sinalização vertical, horizontal e dispositivos auxiliares em regime de empreitada por preço unitário;Não; 3.432.361 ;0.0;False;0.0;0.0;True;0.0;0.0;True;0.0;0.0;True;0.0;0.0;True;0.0;0.0;False;0.0;0.0
1511;PCMG;4060;GESTAO DAS UNIDADES POLICIAIS;151101;Renovação da frota da Polícia Civil de Minas Gerais, por meio da aquisição de veículos operacionais.;Entrega do bem na(s) unidade(s) beneficiária(s);Não; 13.475.950 ;0.0;False;0.0;0.0;False;0.0;0.0;False;0.0;0.0;False;0.0;0.0;True;0.0;0.0;True;0.0;0.0
1251;PMMG;4366;ESTRUTURACAO E MODERNIZACAO;125103;Renovação, Adequação e Diversificação da Frota Terrestre Operacional da PMMG ;Distribuição dos materiais;Não; 87.041.907 ;0.0;False;0.0;0.0;False;0.0;0.0;True;0.0;0.0;True;0.0;0.0;True;0.0;0.0;False;0.0;0.0
1251;PMMG;4365;POLICIAMENTO OSTENSIVO GERAL;125102;Renovação da Frota de Helicópteros do IEF – Aquisição de nova Aeronave de Asas Rotativas;Distribuição da aeronave (Dez26/Jan27);Não; 36.403.361 ;0.0;False;0.0;0.0;False;0.0;0.0;False;0.0;0.0;False;0.0;0.0;False;0.0;0.0;True;0.0;0.0
1251;PMMG;4365;POLICIAMENTO OSTENSIVO GERAL;125101;Projeto COMAF/BOPE;Distribuição dos itens;Não; 1.841.679 ;0.0;False;0.0;0.0;False;0.0;0.0;False;0.0;0.0;False;0.0;0.0;False;0.0;0.0;True;0.0;0.0
1301;SEINFRA;4262;FOMENTO A INFRAESTRUTURA PUBLICA MUNICIPAL;130101;Programa de Doação de Materiais de Infraestrutura;Aquisição de Mata-Burros Metálicos;Não; 3.637.379 ;0.0;True;0.0;0.0;False;0.0;0.0;False;0.0;0.0;False;0.0;0.0;False;0.0;0.0;False;0.0;0.0
1301;SEINFRA;4262;FOMENTO A INFRAESTRUTURA PUBLICA MUNICIPAL;130101;Programa de Doação de Materiais de Infraestrutura;Aquisição de Vigas Metálicas;Não; 6.285.990 ;0.0;True;0.0;0.0;True;0.0;0.0;True;0.0;0.0;False;0.0;0.0;False;0.0;0.0;False;0.0;0.0
1301;SEINFRA;4262;FOMENTO A INFRAESTRUTURA PUBLICA MUNICIPAL;130101;Programa de Doação de Materiais de Infraestrutura;Aquisição de Bueiros Metálicos;Não; 6.092.723 ;0.0;False;0.0;0.0;False;0.0;0.0;True;0.0;0.0;True;0.0;0.0;True;0.0;0.0;False;0.0;0.0
1301;SEINFRA;4290;MELHORIA DA MOBILIDADE E INFRAESTRUTURA DE TRANSPORTES EM MINAS GERAIS;130102;Estações MG010;Estação 4 - Estação Jardim da Glória;Não; 1.803.754 ;0.0;True;0.0;0.0;True;0.0;0.0;False;0.0;0.0;False;0.0;0.0;False;0.0;0.0;False;0.0;0.0
1301;SEINFRA;4290;MELHORIA DA MOBILIDADE E INFRAESTRUTURA DE TRANSPORTES EM MINAS GERAIS;130102;Estações MG010;Estação de Integração 01 - Estação de São Cosme;Não; 310.674 ;0.0;True;0.0;0.0;True;0.0;0.0;False;0.0;0.0;False;0.0;0.0;False;0.0;0.0;False;0.0;0.0
1301;SEINFRA;4290;MELHORIA DA MOBILIDADE E INFRAESTRUTURA DE TRANSPORTES EM MINAS GERAIS;130102;Estações MG010;Estação de Integração 02 - Estação Damião;Não; 319.277 ;0.0;True;0.0;0.0;True;0.0;0.0;False;0.0;0.0;False;0.0;0.0;False;0.0;0.0;False;0.0;0.0
1301;SEINFRA;4290;MELHORIA DA MOBILIDADE E INFRAESTRUTURA DE TRANSPORTES EM MINAS GERAIS;130102;Estações MG010;Estação de Integração 03 - Estação Vila Esportiva;Não; 566.295 ;0.0;True;0.0;0.0;True;0.0;0.0;False;0.0;0.0;False;0.0;0.0;False;0.0;0.0;False;0.0;0.0
1301;SEINFRA;1036;CONTENCAO DE ENCOSTAS EM AREAS DE RISCO - PAC ENCOSTAS;130103;PAC Encostas;Execução da Obra ;Não; 2.246.984 ;0.0;False;0.0;0.0;False;0.0;0.0;False;0.0;0.0;True;0.0;0.0;True;0.0;0.0;True;0.0;0.0
1301;SEINFRA;1038;REQUALIFICACAO URBANA E AMBIENTAL DO RIBEIRAO ARRUDAS -  PAC FNHIS;130105;PAC FHNIS;Execução da Obra ;Não; 2.018.300 ;0.0;False;0.0;0.0;False;0.0;0.0;False;0.0;0.0;True;0.0;0.0;True;0.0;0.0;True;0.0;0.0
1301;SEINFRA;1039;REQUALIFICACAO URBANA E AMBIENTAL E CONTROLE DE CHEIAS DO CORREGO FERRUGEM - PAC FERRUGEM;130104;PAC Ferrugem;Execução da Obra ;Não; 2.750.223 ;0.0;False;0.0;0.0;False;0.0;0.0;False;0.0;0.0;True;0.0;0.0;True;0.0;0.0;True;0.0;0.0
1301;SEINFRA;1041;REQUALIFICACAO URBANA E AMBIENTAL E DE CONTROLE DE CHEIAS DO CORREGO RIACHO DAS PEDRAS - PAC RIACHO;130106;PAC Riacho das Pedras;Execução da Obra ;Não; 2.371.788 ;0.0;False;0.0;0.0;False;0.0;0.0;False;0.0;0.0;True;0.0;0.0;True;0.0;0.0;True;0.0;0.0
1301;SEINFRA;1037;INTERVENCOES NA INFRAESTRUTURA RODOVIARIA ESTADUAL, MUNICIPAL E REGIONAL;130108;Cambuí-Consolação;Execução da Obra/ Conclusão;Não; 15.884 ;0.0;True;0.0;0.0;False;0.0;0.0;False;0.0;0.0;False;0.0;0.0;False;0.0;0.0;False;0.0;0.0
1301;SEINFRA;1037;INTERVENCOES NA INFRAESTRUTURA RODOVIARIA ESTADUAL, MUNICIPAL E REGIONAL;130107;Paracatu -Entre Ribeiros- 25km;Execução da Obra ;Não; 2.257.784 ;0.0;False;0.0;0.0;True;0.0;0.0;True;0.0;0.0;True;0.0;0.0;True;0.0;0.0;True;0.0;0.0
1301;SEINFRA;1037;INTERVENCOES NA INFRAESTRUTURA RODOVIARIA ESTADUAL, MUNICIPAL E REGIONAL;130109;Pavimentação do Acesso ao Presídio De Iturama 2km;Execução da Obra ;Não; 705.338 ;0.0;False;0.0;0.0;False;0.0;0.0;True;0.0;0.0;True;0.0;0.0;True;0.0;0.0;True;0.0;0.0
1301;SEINFRA;1037;INTERVENCOES NA INFRAESTRUTURA RODOVIARIA ESTADUAL, MUNICIPAL E REGIONAL;130110;Pavimentação no trecho Itapagipe a Campina Verde;Execução da Obra ;Não; 1.653.237 ;0.0;False;0.0;0.0;False;0.0;0.0;True;0.0;0.0;True;0.0;0.0;True;0.0;0.0;True;0.0;0.0
1301;SEINFRA;1037;INTERVENCOES NA INFRAESTRUTURA RODOVIARIA ESTADUAL, MUNICIPAL E REGIONAL;130111;Pavimentação no trecho Jaboticatubas-Lagoa Santa;Execução da Obra ;Não; 798.959 ;0.0;False;0.0;0.0;False;0.0;0.0;True;0.0;0.0;True;0.0;0.0;True;0.0;0.0;True;0.0;0.0
1301;SEINFRA;1037;INTERVENCOES NA INFRAESTRUTURA RODOVIARIA ESTADUAL, MUNICIPAL E REGIONAL;130112;Construção de Passarela na MG-010 próximo a Cidade Administrativa;Execução da Obra ;Não; 393.263 ;0.0;False;0.0;0.0;False;0.0;0.0;True;0.0;0.0;True;0.0;0.0;True;0.0;0.0;False;0.0;0.0
1451;SEJUSP;1048;MODERNIZACAO E EXPANSAO DO SISTEMA PRISIONAL;145101;Aquisição de veículos cela para modernização da frota do sistema prisional;Liquidação dos veículos;Não; 8.400.000 ;0.0;False;0.0;0.0;False;0.0;0.0;False;0.0;0.0;True;0.0;0.0;False;0.0;0.0;False;0.0;0.0
