chave_fonte_recurso,ano,fonte_cod,fonte_desc
2008|10,2008,10,RECURSOS ORDINARIOS
2008|20,2008,20,RECURSOS CONSTITUC.VINCULADOS AOS MUNICIPIOS
2008|21,2008,21,COTA ESTADUAL DO SALARIO EDUCACAO - QESE
2008|22,2008,22,RECURSOS DO SISTEMA UNICO DE SAUDE - SUS
2008|23,2008,23,FUNDO DE MANUTENCAO E DESENVOLVIMENTO DA EDUCACAO BASICA - FUNDEB
2008|24,2008,24,"CONVENIOS, ACORDOS E AJUSTES"
2008|25,2008,25,OPERACOES DE CREDITO CONTRATUAIS
2008|26,2008,26,TAXA  FLORESTAL
2008|27,2008,27,TAXA DE SEGURANCA PUBLICA
2008|28,2008,28,TAXA DE FISCALIZACAO JUDICIARIA
2008|29,2008,29,TAXA DE EXPEDIENTE
2008|30,2008,30,CONTRIBUICAO A APOSENTADORIA
2008|31,2008,31,UTILIZACAO DE RECURSOS HIDRICOS
2008|32,2008,32,EXPLORACAO DE RECURSOS MINERAIS
2008|33,2008,33,EXPLORACAO E PRODUCAO DE PETROLEO  E GAS NATURAL
2008|34,2008,34,NOTIFICACAO DE INFRACAO DE TRANSITO
2008|36,2008,36,TRANSFERENCIAS DE RECURSOS DA UNIAO VINCULADOS A EDUCACAO
2008|37,2008,37,TRANSFERENCIAS DE RECURSOS DA UNIAO VINCULADOS A SAUDE
2008|38,2008,38,TRANSFERENCIAS DE RECURSOS DA UNIAO VINCULADOS AO ESPORTE
2008|39,2008,39,MULTAS PECUNIARIAS E JUROS DE MORA FIXADOS EM SENTENCAS JUDICIAIS
2008|40,2008,40,RECURSOS FUNDOS EXTINTOS-LEI NO 13.848/2001
2008|42,2008,42,CONTRIBUICAO PATRONAL PARA O FUNFIP
2008|43,2008,43,CONTRIBUICAO DO SERVIDOR PARA O FUNFIP
2008|44,2008,44,COMPENSACAO FINANCEIRA ENTRE REGIMES DE PREVIDENCIA
2008|45,2008,45,"DOACOES DE PESSOAS, DE INSTITUICOES PRIVADAS OU DO EXTERIOR A ORGAO E ENTIDADES DO ESTADO"
2008|46,2008,46,"DOACOES DE PESSOAS, DE INSTITUICOES PRIVADAS OU DO EXTERIOR AO TESOURO ESTADUAL"
2008|47,2008,47,ALIENACAO DE BENS DE ENTIDADES ESTADUAIS
2008|48,2008,48,ALIENACAO DE BENS DO TESOURO ESTADUAL
2008|49,2008,49,CONTRIBUICAO PATRONAL DO ESTADO AOS INSTITUTOS DE PREVIDENCIA
2008|50,2008,50,CONTRIBUICAO DO SERVIDOR DO ESTADO AOS INSTITUTOS DE PREVIDENCIA
2008|51,2008,51,CONTRIBUICAO DE INTERVENCAO NO DOMINIO ECONOMICO/COMBUSTIVEIS-CIDE
2008|52,2008,52,TAXA DE CONTROLE E FISCALIZACAO AMBIENTAL
2008|53,2008,53,TAXA DE INCENDIO
2008|54,2008,54,TAXA DE LICENCIAMENTO DA FAIXA DE DOMINIO DAS RODOVIAS
2008|55,2008,55,TRANSFERENCIAS DE RECURSOS DOS MUNICIPIOS VINCULADOS A FARMACIA BASICA - FES
2008|56,2008,56,TRANSFERENCIAS DE RECURSOS DA UNIAO VINCULADOS A ASSISTENCIA SOCIAL
2008|59,2008,59,OUTROS RECURSOS VINCULADOS
2008|60,2008,60,RECURSOS DIRETAMENTE ARRECADADOS
2008|61,2008,61,RECURSOS DIRETAMENTE ARRECADADOS COM VINCULACAO ESPECIFICA
2009|10,2009,10,RECURSOS ORDINARIOS
2009|20,2009,20,RECURSOS CONSTITUC.VINCULADOS AOS MUNICIPIOS
2009|21,2009,21,COTA ESTADUAL DO SALARIO EDUCACAO - QESE
2009|22,2009,22,RECURSOS DO SISTEMA UNICO DE SAUDE - SUS
2009|23,2009,23,FUNDO DE MANUTENCAO E DESENVOLVIMENTO DA EDUCACAO BASICA - FUNDEB
2009|24,2009,24,"CONVENIOS, ACORDOS E AJUSTES"
2009|25,2009,25,OPERACOES DE CREDITO CONTRATUAIS
2009|26,2009,26,TAXA  FLORESTAL
2009|27,2009,27,TAXA DE SEGURANCA PUBLICA
2009|28,2009,28,TAXA DE FISCALIZACAO JUDICIARIA
2009|29,2009,29,TAXA DE EXPEDIENTE
2009|30,2009,30,CONTRIBUICAO A APOSENTADORIA
2009|31,2009,31,UTILIZACAO DE RECURSOS HIDRICOS
2009|32,2009,32,EXPLORACAO DE RECURSOS MINERAIS
2009|33,2009,33,EXPLORACAO E PRODUCAO DE PETROLEO  E GAS NATURAL
2009|34,2009,34,NOTIFICACAO DE INFRACAO DE TRANSITO
2009|36,2009,36,TRANSFERENCIAS DE RECURSOS DA UNIAO VINCULADOS A EDUCACAO
2009|37,2009,37,TRANSFERENCIAS DE RECURSOS DA UNIAO VINCULADOS A SAUDE
2009|38,2009,38,TRANSFERENCIAS DE RECURSOS DA UNIAO VINCULADOS AO ESPORTE
2009|39,2009,39,MULTAS PECUNIARIAS E JUROS DE MORA FIXADOS EM SENTENCAS JUDICIAIS
2009|40,2009,40,RECURSOS FUNDOS EXTINTOS-LEI NO 13.848/2001
2009|42,2009,42,CONTRIBUICAO PATRONAL PARA O FUNFIP
2009|43,2009,43,CONTRIBUICAO DO SERVIDOR PARA O FUNFIP
2009|44,2009,44,COMPENSACAO FINANCEIRA ENTRE REGIMES DE PREVIDENCIA
2009|45,2009,45,"DOACOES DE PESSOAS, DE INSTITUICOES PRIVADAS OU DO EXTERIOR A ORGAO E ENTIDADES DO ESTADO"
2009|47,2009,47,ALIENACAO DE BENS DE ENTIDADES ESTADUAIS
2009|48,2009,48,ALIENACAO DE BENS DO TESOURO ESTADUAL
2009|49,2009,49,CONTRIBUICAO PATRONAL DO ESTADO AOS INSTITUTOS DE PREVIDENCIA
2009|50,2009,50,CONTRIBUICAO DO SERVIDOR DO ESTADO AOS INSTITUTOS DE PREVIDENCIA
2009|51,2009,51,CONTRIBUICAO DE INTERVENCAO NO DOMINIO ECONOMICO/COMBUSTIVEIS-CIDE
2009|52,2009,52,TAXA DE CONTROLE E FISCALIZACAO AMBIENTAL
2009|53,2009,53,TAXA DE INCENDIO
2009|54,2009,54,TAXA DE LICENCIAMENTO DA FAIXA DE DOMINIO DAS RODOVIAS
2009|55,2009,55,TRANSFERENCIAS DE RECURSOS DOS MUNICIPIOS VINCULADOS A FARMACIA BASICA - FES
2009|56,2009,56,TRANSFERENCIAS DE RECURSOS DA UNIAO VINCULADOS A ASSISTENCIA SOCIAL
2009|59,2009,59,OUTROS RECURSOS VINCULADOS
2009|60,2009,60,RECURSOS DIRETAMENTE ARRECADADOS
2009|61,2009,61,RECURSOS DIRETAMENTE ARRECADADOS COM VINCULACAO ESPECIFICA
2010|10,2010,10,RECURSOS ORDINARIOS
2010|12,2010,12,OPERACOES DE CREDITO CONTRATUAIS - SWAP
2010|20,2010,20,RECURSOS CONSTITUC.VINCULADOS AOS MUNICIPIOS
2010|21,2010,21,COTA ESTADUAL DO SALARIO EDUCACAO - QESE
2010|22,2010,22,RECURSOS DO SISTEMA UNICO DE SAUDE - SUS
2010|23,2010,23,FUNDO DE MANUTENCAO E DESENVOLVIMENTO DA EDUCACAO BASICA - FUNDEB
2010|24,2010,24,"CONVENIOS, ACORDOS E AJUSTES"
2010|25,2010,25,OPERACOES DE CREDITO CONTRATUAIS
2010|26,2010,26,TAXA  FLORESTAL
2010|27,2010,27,TAXA DE SEGURANCA PUBLICA
2010|28,2010,28,TAXA DE FISCALIZACAO JUDICIARIA
2010|29,2010,29,TAXA DE EXPEDIENTE
2010|30,2010,30,CONTRIBUICAO A APOSENTADORIA
2010|31,2010,31,UTILIZACAO DE RECURSOS HIDRICOS
2010|32,2010,32,EXPLORACAO DE RECURSOS MINERAIS
2010|33,2010,33,EXPLORACAO E PRODUCAO DE PETROLEO  E GAS NATURAL
2010|34,2010,34,NOTIFICACAO DE INFRACAO DE TRANSITO
2010|36,2010,36,TRANSFERENCIAS DE RECURSOS DA UNIAO VINCULADOS A EDUCACAO
2010|37,2010,37,TRANSFERENCIAS DE RECURSOS DA UNIAO VINCULADOS A SAUDE
2010|38,2010,38,TRANSFERENCIAS DE RECURSOS DA UNIAO VINCULADOS AO ESPORTE
2010|39,2010,39,MULTAS PECUNIARIAS E JUROS DE MORA FIXADOS EM SENTENCAS JUDICIAIS
2010|40,2010,40,RECURSOS FUNDOS EXTINTOS-LEI NO 13.848/2001
2010|42,2010,42,CONTRIBUICAO PATRONAL PARA O FUNFIP
2010|43,2010,43,CONTRIBUICAO DO SERVIDOR PARA O FUNFIP
2010|44,2010,44,COMPENSACAO FINANCEIRA ENTRE REGIMES DE PREVIDENCIA
2010|45,2010,45,"DOACOES DE PESSOAS, DE INSTITUICOES PRIVADAS OU DO EXTERIOR A ORGAO E ENTIDADES DO ESTADO"
2010|47,2010,47,ALIENACAO DE BENS DE ENTIDADES ESTADUAIS
2010|48,2010,48,ALIENACAO DE BENS DO TESOURO ESTADUAL
2010|49,2010,49,CONTRIBUICAO PATRONAL DO ESTADO AOS INSTITUTOS DE PREVIDENCIA
2010|50,2010,50,CONTRIBUICAO DO SERVIDOR DO ESTADO AOS INSTITUTOS DE PREVIDENCIA
2010|51,2010,51,CONTRIBUICAO DE INTERVENCAO NO DOMINIO ECONOMICO/COMBUSTIVEIS-CIDE
2010|52,2010,52,TAXA DE CONTROLE E FISCALIZACAO AMBIENTAL
2010|53,2010,53,TAXA DE INCENDIO
2010|54,2010,54,TAXA DE LICENCIAMENTO DA FAIXA DE DOMINIO DAS RODOVIAS
2010|55,2010,55,TRANSFERENCIAS DE RECURSOS DOS MUNICIPIOS VINCULADOS A FARMACIA BASICA - FES
2010|56,2010,56,TRANSFERENCIAS DE RECURSOS DA UNIAO VINCULADOS A ASSISTENCIA SOCIAL
2010|57,2010,57,TRANSFERENCIAS DE RECURSOS DA UNIAO POR MEIO DE PORTARIA
2010|59,2010,59,OUTROS RECURSOS VINCULADOS
2010|60,2010,60,RECURSOS DIRETAMENTE ARRECADADOS
2010|61,2010,61,RECURSOS DIRETAMENTE ARRECADADOS COM VINCULACAO ESPECIFICA
2011|10,2011,10,RECURSOS ORDINARIOS
2011|12,2011,12,OPERACOES DE CREDITO CONTRATUAIS - SWAP
2011|20,2011,20,RECURSOS CONSTITUC.VINCULADOS AOS MUNICIPIOS
2011|21,2011,21,COTA ESTADUAL DO SALARIO EDUCACAO - QESE
2011|22,2011,22,RECURSOS DO SISTEMA UNICO DE SAUDE - SUS
2011|23,2011,23,FUNDO DE MANUTENCAO E DESENVOLVIMENTO DA EDUCACAO BASICA - FUNDEB
2011|24,2011,24,"CONVENIOS, ACORDOS E AJUSTES"
2011|25,2011,25,OPERACOES DE CREDITO CONTRATUAIS
2011|26,2011,26,TAXA  FLORESTAL
2011|27,2011,27,TAXA DE SEGURANCA PUBLICA
2011|28,2011,28,TAXA DE FISCALIZACAO JUDICIARIA
2011|29,2011,29,TAXA DE EXPEDIENTE
2011|30,2011,30,CONTRIBUICAO A APOSENTADORIA
2011|31,2011,31,UTILIZACAO DE RECURSOS HIDRICOS
2011|32,2011,32,EXPLORACAO DE RECURSOS MINERAIS
2011|33,2011,33,EXPLORACAO E PRODUCAO DE PETROLEO  E GAS NATURAL
2011|34,2011,34,NOTIFICACAO DE INFRACAO DE TRANSITO
2011|36,2011,36,TRANSFERENCIAS DE RECURSOS DA UNIAO VINCULADOS A EDUCACAO
2011|37,2011,37,TRANSFERENCIAS DE RECURSOS DA UNIAO VINCULADOS A SAUDE
2011|38,2011,38,TRANSFERENCIAS DE RECURSOS DA UNIAO VINCULADOS AO ESPORTE
2011|39,2011,39,MULTAS PECUNIARIAS E JUROS DE MORA FIXADOS EM SENTENCAS JUDICIAIS
2011|40,2011,40,RECURSOS FUNDOS EXTINTOS-LEI NO 13.848/2001
2011|42,2011,42,CONTRIBUICAO PATRONAL PARA O FUNFIP
2011|43,2011,43,CONTRIBUICAO DO SERVIDOR PARA O FUNFIP
2011|44,2011,44,COMPENSACAO FINANCEIRA ENTRE REGIMES DE PREVIDENCIA
2011|45,2011,45,"DOACOES DE PESSOAS, DE INSTITUICOES PRIVADAS OU DO EXTERIOR A ORGAO E ENTIDADES DO ESTADO"
2011|47,2011,47,ALIENACAO DE BENS DE ENTIDADES ESTADUAIS
2011|48,2011,48,ALIENACAO DE BENS DO TESOURO ESTADUAL
2011|49,2011,49,CONTRIBUICAO PATRONAL DO ESTADO AOS INSTITUTOS DE PREVIDENCIA
2011|50,2011,50,CONTRIBUICAO DO SERVIDOR DO ESTADO AOS INSTITUTOS DE PREVIDENCIA
2011|51,2011,51,CONTRIBUICAO DE INTERVENCAO NO DOMINIO ECONOMICO/COMBUSTIVEIS-CIDE
2011|52,2011,52,TAXA DE CONTROLE E FISCALIZACAO AMBIENTAL
2011|53,2011,53,TAXA DE INCENDIO
2011|54,2011,54,TAXA DE LICENCIAMENTO DA FAIXA DE DOMINIO DAS RODOVIAS
2011|55,2011,55,TRANSFERENCIAS DE RECURSOS DOS MUNICIPIOS VINCULADOS A FARMACIA BASICA - FES
2011|56,2011,56,TRANSFERENCIAS DE RECURSOS DA UNIAO VINCULADOS A ASSISTENCIA SOCIAL
2011|57,2011,57,TRANSFERENCIAS DE RECURSOS DA UNIAO POR MEIO DE PORTARIA
2011|58,2011,58,RECURSOS PARA COBERTURA DO DEFICIT ATUARIAL DO RPPS
2011|59,2011,59,OUTROS RECURSOS VINCULADOS
2011|60,2011,60,RECURSOS DIRETAMENTE ARRECADADOS
2011|61,2011,61,RECURSOS DIRETAMENTE ARRECADADOS COM VINCULACAO ESPECIFICA
2012|10,2012,10,RECURSOS ORDINARIOS
2012|12,2012,12,OPERACOES DE CREDITO CONTRATUAIS - SWAP
2012|20,2012,20,RECURSOS CONSTITUC.VINCULADOS AOS MUNICIPIOS
2012|21,2012,21,COTA ESTADUAL DO SALARIO EDUCACAO - QESE
2012|22,2012,22,RECURSOS DO SISTEMA UNICO DE SAUDE - SUS
2012|23,2012,23,FUNDO DE MANUTENCAO E DESENVOLVIMENTO DA EDUCACAO BASICA - FUNDEB
2012|24,2012,24,"CONVENIOS, ACORDOS E AJUSTES PROVENIENTES DA UNIAO E SUAS ENTIDADES"
2012|25,2012,25,OPERACOES DE CREDITO CONTRATUAIS
2012|26,2012,26,TAXA  FLORESTAL
2012|27,2012,27,TAXA DE SEGURANCA PUBLICA
2012|28,2012,28,TAXA DE FISCALIZACAO JUDICIARIA
2012|29,2012,29,TAXA DE EXPEDIENTE
2012|30,2012,30,CONTRIBUICAO A APOSENTADORIA
2012|31,2012,31,UTILIZACAO DE RECURSOS HIDRICOS
2012|32,2012,32,EXPLORACAO DE RECURSOS MINERAIS
2012|33,2012,33,EXPLORACAO E PRODUCAO DE PETROLEO  E GAS NATURAL
2012|34,2012,34,NOTIFICACAO DE INFRACAO DE TRANSITO
2012|36,2012,36,TRANSFERENCIAS DE RECURSOS DA UNIAO VINCULADOS A EDUCACAO
2012|37,2012,37,TRANSFERENCIAS DE RECURSOS DA UNIAO VINCULADOS A SAUDE
2012|38,2012,38,TRANSFERENCIAS DE RECURSOS DA UNIAO VINCULADOS AO ESPORTE
2012|39,2012,39,MULTAS PECUNIARIAS E JUROS DE MORA FIXADOS EM SENTENCAS JUDICIAIS
2012|40,2012,40,RECURSOS FUNDOS EXTINTOS-LEI NO 13.848/2001
2012|42,2012,42,CONTRIBUICAO PATRONAL PARA O FUNFIP
2012|43,2012,43,CONTRIBUICAO DO SERVIDOR PARA O FUNFIP
2012|44,2012,44,COMPENSACAO FINANCEIRA ENTRE REGIMES DE PREVIDENCIA
2012|45,2012,45,"DOACOES DE PESSOAS, DE INSTITUICOES PRIVADAS OU DO EXTERIOR A ORGAO E ENTIDADES DO ESTADO"
2012|47,2012,47,ALIENACAO DE BENS DE ENTIDADES ESTADUAIS
2012|48,2012,48,ALIENACAO DE BENS DO TESOURO ESTADUAL
2012|49,2012,49,CONTRIBUICAO PATRONAL DO ESTADO AOS INSTITUTOS DE PREVIDENCIA
2012|50,2012,50,CONTRIBUICAO DO SERVIDOR DO ESTADO AOS INSTITUTOS DE PREVIDENCIA
2012|51,2012,51,CONTRIBUICAO DE INTERVENCAO NO DOMINIO ECONOMICO/COMBUSTIVEIS-CIDE
2012|52,2012,52,TAXA DE CONTROLE E FISCALIZACAO AMBIENTAL
2012|53,2012,53,TAXA DE INCENDIO
2012|54,2012,54,TAXA DE LICENCIAMENTO DA FAIXA DE DOMINIO DAS RODOVIAS
2012|55,2012,55,TRANSFERENCIAS DE RECURSOS DOS MUNICIPIOS VINCULADOS A FARMACIA BASICA - FES
2012|56,2012,56,TRANSFERENCIAS DE RECURSOS DA UNIAO VINCULADOS A ASSISTENCIA SOCIAL
2012|57,2012,57,TRANSFERENCIAS DE RECURSOS DA UNIAO POR MEIO DE PORTARIA
2012|58,2012,58,RECURSOS PARA COBERTURA DO DEFICIT ATUARIAL DO RPPS
2012|59,2012,59,OUTROS RECURSOS VINCULADOS
2012|60,2012,60,RECURSOS DIRETAMENTE ARRECADADOS
2012|61,2012,61,RECURSOS DIRETAMENTE ARRECADADOS COM VINCULACAO ESPECIFICA
2012|70,2012,70,"CONVENIOS, ACORDOS E AJUSTES PROVENIENTES DOS MUNICIPIOS, ESTADOS E ORGANIZACOES PARTICUL"
2012|71,2012,71,RECURSOS DO FUNDO ESTADUAL DE ERRADICACAO DA MISERIA
2012|75,2012,75,CONTRIBUICAO PATRONAL PARA CUSTEIO DOS PROVENTOS DOS MILITARES
2013|10,2013,10,RECURSOS ORDINARIOS
2013|20,2013,20,RECURSOS CONSTITUC.VINCULADOS AOS MUNICIPIOS
2013|21,2013,21,COTA ESTADUAL DO SALARIO EDUCACAO - QESE
2013|22,2013,22,RECURSOS DO SISTEMA UNICO DE SAUDE - SUS
2013|23,2013,23,FUNDO DE MANUTENCAO E DESENVOLVIMENTO DA EDUCACAO BASICA - FUNDEB
2013|24,2013,24,CONVENIOS COM A UNIAO E SUAS ENTIDADES
2013|25,2013,25,OPERACOES DE CREDITO CONTRATUAIS
2013|26,2013,26,TAXA  FLORESTAL
2013|27,2013,27,TAXA DE SEGURANCA PUBLICA
2013|28,2013,28,TAXA DE FISCALIZACAO JUDICIARIA
2013|29,2013,29,TAXA DE EXPEDIENTE
2013|30,2013,30,CONTRIBUICAO A APOSENTADORIA
2013|31,2013,31,UTILIZACAO DE RECURSOS HIDRICOS
2013|32,2013,32,EXPLORACAO DE RECURSOS MINERAIS
2013|33,2013,33,EXPLORACAO E PRODUCAO DE PETROLEO  E GAS NATURAL
2013|34,2013,34,NOTIFICACAO DE INFRACAO DE TRANSITO
2013|36,2013,36,TRANSFERENCIAS DE RECURSOS DA UNIAO VINCULADOS A EDUCACAO
2013|37,2013,37,TRANSFERENCIAS DE RECURSOS DA UNIAO VINCULADOS A SAUDE
2013|38,2013,38,TRANSFERENCIAS DE RECURSOS DA UNIAO VINCULADOS AO ESPORTE
2013|39,2013,39,MULTAS PECUNIARIAS E JUROS DE MORA FIXADOS EM SENTENCAS JUDICIAIS
2013|40,2013,40,RECURSOS FUNDOS EXTINTOS-LEI NO 13.848/2001
2013|42,2013,42,CONTRIBUICAO PATRONAL PARA O FUNFIP
2013|43,2013,43,CONTRIBUICAO DO SERVIDOR PARA O FUNFIP
2013|44,2013,44,COMPENSACAO FINANCEIRA ENTRE REGIMES DE PREVIDENCIA
2013|45,2013,45,"DOACOES DE PESSOAS, DE INSTITUICOES PRIVADAS OU DO EXTERIOR A ORGAO E ENTIDADES DO ESTADO"
2013|47,2013,47,ALIENACAO DE BENS DE ENTIDADES ESTADUAIS
2013|48,2013,48,ALIENACAO DE BENS DO TESOURO ESTADUAL
2013|49,2013,49,CONTRIBUICAO PATRONAL DO ESTADO AOS INSTITUTOS DE PREVIDENCIA
2013|50,2013,50,CONTRIBUICAO DO SERVIDOR DO ESTADO AOS INSTITUTOS DE PREVIDENCIA
2013|51,2013,51,CONTRIBUICAO DE INTERVENCAO NO DOMINIO ECONOMICO/COMBUSTIVEIS-CIDE
2013|52,2013,52,TAXA DE CONTROLE E FISCALIZACAO AMBIENTAL
2013|53,2013,53,TAXA DE INCENDIO
2013|54,2013,54,TAXA DE LICENCIAMENTO DA FAIXA DE DOMINIO DAS RODOVIAS
2013|55,2013,55,TRANSFERENCIAS DE RECURSOS DOS MUNICIPIOS VINCULADOS A FARMACIA BASICA - FES
2013|56,2013,56,TRANSFERENCIAS DE RECURSOS DA UNIAO VINCULADOS A ASSISTENCIA SOCIAL
2013|57,2013,57,TRANSFERENCIAS DE RECURSOS DA UNIAO POR MEIO DE PORTARIA
2013|58,2013,58,RECURSOS PARA COBERTURA DO DEFICIT ATUARIAL DO RPPS
2013|59,2013,59,OUTROS RECURSOS VINCULADOS
2013|60,2013,60,RECURSOS DIRETAMENTE ARRECADADOS
2013|61,2013,61,RECURSOS DIRETAMENTE ARRECADADOS COM VINCULACAO ESPECIFICA
2013|70,2013,70,"CONVENIOS COM OS ESTADOS, O DISTRITO FEDERAL, OS MUNICIPIOS, AS INSTITUICOES PRIVADAS E O"
2013|71,2013,71,RECURSOS DO FUNDO ESTADUAL DE ERRADICACAO DA MISERIA
2013|72,2013,72,TAXA DE FISCALIZACAO DE RECURSOS MINERARIOS
2013|73,2013,73,ACORDOS E AJUSTES DE COOPERACAO MUTUA COM A UNIAO E SUAS ENTIDADES.
2013|74,2013,74,"ACORDOS E AJUSTES DE COOPERACAO MUTUA COM OS ESTADOS, O DISTRITO FEDERAL, OS MUNICIPIOS,"
2013|75,2013,75,CONTRIBUICAO PATRONAL PARA CUSTEIO DOS PROVENTOS DOS MILITARES
2013|76,2013,76,TAXA DE ADMINISTRACAO DO FUNPEMG
2013|77,2013,77,"RECEITAS DE FISCALIZACAO, TAXAS E CUSTAS JUDICIAIS"
2014|10,2014,10,RECURSOS ORDINARIOS
2014|20,2014,20,RECURSOS CONSTITUC.VINCULADOS AOS MUNICIPIOS
2014|21,2014,21,COTA ESTADUAL DO SALARIO EDUCACAO - QESE
2014|22,2014,22,RECURSOS DO SISTEMA UNICO DE SAUDE - SUS
2014|23,2014,23,FUNDO DE MANUTENCAO E DESENVOLVIMENTO DA EDUCACAO BASICA - FUNDEB
2014|24,2014,24,CONVENIOS COM A UNIAO E SUAS ENTIDADES
2014|25,2014,25,OPERACOES DE CREDITO CONTRATUAIS
2014|26,2014,26,TAXA  FLORESTAL
2014|27,2014,27,TAXA DE SEGURANCA PUBLICA
2014|28,2014,28,TAXA DE FISCALIZACAO JUDICIARIA
2014|29,2014,29,TAXA DE EXPEDIENTE
2014|30,2014,30,CONTRIBUICAO A APOSENTADORIA
2014|31,2014,31,UTILIZACAO DE RECURSOS HIDRICOS
2014|32,2014,32,EXPLORACAO DE RECURSOS MINERAIS
2014|33,2014,33,EXPLORACAO E PRODUCAO DE PETROLEO  E GAS NATURAL
2014|34,2014,34,NOTIFICACAO DE INFRACAO DE TRANSITO
2014|36,2014,36,TRANSFERENCIAS DE RECURSOS DA UNIAO VINCULADOS A EDUCACAO
2014|37,2014,37,TRANSFERENCIAS DE RECURSOS DA UNIAO VINCULADOS A SAUDE
2014|38,2014,38,TRANSFERENCIAS DE RECURSOS DA UNIAO VINCULADOS AO ESPORTE
2014|39,2014,39,MULTAS PECUNIARIAS E JUROS DE MORA FIXADOS EM SENTENCAS JUDICIAIS
2014|40,2014,40,RECURSOS FUNDOS EXTINTOS-LEI NO 13.848/2001
2014|42,2014,42,CONTRIBUICAO PATRONAL PARA O FUNFIP
2014|43,2014,43,CONTRIBUICAO DO SERVIDOR PARA O FUNFIP
2014|44,2014,44,COMPENSACAO FINANCEIRA ENTRE REGIMES DE PREVIDENCIA
2014|45,2014,45,"DOACOES DE PESSOAS, DE INSTITUICOES PRIVADAS OU DO EXTERIOR A ORGAO E ENTIDADES DO ESTADO"
2014|47,2014,47,ALIENACAO DE BENS DE ENTIDADES ESTADUAIS
2014|48,2014,48,ALIENACAO DE BENS DO TESOURO ESTADUAL
2014|49,2014,49,CONTRIBUICAO PATRONAL DO ESTADO AOS INSTITUTOS DE PREVIDENCIA
2014|50,2014,50,CONTRIBUICAO DO SERVIDOR DO ESTADO AOS INSTITUTOS DE PREVIDENCIA
2014|51,2014,51,CONTRIBUICAO DE INTERVENCAO NO DOMINIO ECONOMICO/COMBUSTIVEIS-CIDE
2014|52,2014,52,TAXA DE CONTROLE E FISCALIZACAO AMBIENTAL
2014|53,2014,53,TAXA DE INCENDIO
2014|54,2014,54,TAXA DE LICENCIAMENTO DA FAIXA DE DOMINIO DAS RODOVIAS
2014|55,2014,55,TRANSFERENCIAS DE RECURSOS DOS MUNICIPIOS VINCULADOS A FARMACIA BASICA - FES
2014|56,2014,56,TRANSFERENCIAS DE RECURSOS DA UNIAO VINCULADOS A ASSISTENCIA SOCIAL
2014|57,2014,57,TRANSFERENCIAS DE RECURSOS DA UNIAO POR MEIO DE PORTARIA
2014|58,2014,58,RECURSOS PARA COBERTURA DO DEFICIT ATUARIAL DO RPPS
2014|59,2014,59,OUTROS RECURSOS VINCULADOS
2014|60,2014,60,RECURSOS DIRETAMENTE ARRECADADOS
2014|61,2014,61,RECURSOS DIRETAMENTE ARRECADADOS COM VINCULACAO ESPECIFICA
2014|70,2014,70,"CONVENIOS COM OS ESTADOS, O DISTRITO FEDERAL, OS MUNICIPIOS, AS INSTITUICOES PRIVADAS E O"
2014|71,2014,71,RECURSOS DO FUNDO ESTADUAL DE ERRADICACAO DA MISERIA
2014|72,2014,72,TAXA DE FISCALIZACAO DE RECURSOS MINERARIOS
2014|73,2014,73,ACORDOS E AJUSTES DE COOPERACAO MUTUA COM A UNIAO E SUAS ENTIDADES.
2014|74,2014,74,"ACORDOS E AJUSTES DE COOPERACAO MUTUA COM OS ESTADOS, O DISTRITO FEDERAL, OS MUNICIPIOS,"
2014|75,2014,75,CONTRIBUICAO PATRONAL PARA CUSTEIO DOS PROVENTOS DOS MILITARES
2014|76,2014,76,TAXA DE ADMINISTRACAO DO FUNPEMG
2014|77,2014,77,"RECEITAS DE FISCALIZACAO, TAXAS E CUSTAS JUDICIAIS"
2015|10,2015,10,RECURSOS ORDINARIOS
2015|20,2015,20,RECURSOS CONSTITUC.VINCULADOS AOS MUNICIPIOS
2015|21,2015,21,COTA ESTADUAL DO SALARIO EDUCACAO - QESE
2015|22,2015,22,TRANSFERENCIAS DE RECURSOS DO SUS PARA ATENCAO DE MEDIA E ALTA COMPLEXIDADE AMBULATORIAL E HOSPITALA
2015|23,2015,23,FUNDO DE MANUTENCAO E DESENVOLVIMENTO DA EDUCACAO BASICA - FUNDEB
2015|24,2015,24,CONVENIOS COM A UNIAO E SUAS ENTIDADES
2015|25,2015,25,OPERACOES DE CREDITO CONTRATUAIS
2015|26,2015,26,TAXA  FLORESTAL
2015|27,2015,27,TAXA DE SEGURANCA PUBLICA
2015|29,2015,29,TAXA DE EXPEDIENTE
2015|30,2015,30,CONTRIBUICAO A APOSENTADORIA
2015|31,2015,31,UTILIZACAO DE RECURSOS HIDRICOS
2015|32,2015,32,EXPLORACAO DE RECURSOS MINERAIS
2015|33,2015,33,EXPLORACAO E PRODUCAO DE PETROLEO  E GAS NATURAL
2015|34,2015,34,NOTIFICACAO DE INFRACAO DE TRANSITO
2015|36,2015,36,TRANSFERENCIAS DE RECURSOS DA UNIAO VINCULADOS A EDUCACAO
2015|37,2015,37,TRANSFERENCIAS DE RECURSOS DA UNIAO VINCULADOS A SAUDE
2015|38,2015,38,TRANSFERENCIAS DE RECURSOS DA UNIAO VINCULADOS AO ESPORTE
2015|39,2015,39,MULTAS PECUNIARIAS E JUROS DE MORA FIXADOS EM SENTENCAS JUDICIAIS
2015|40,2015,40,RECURSOS FUNDOS EXTINTOS-LEI NO 13.848/2001
2015|42,2015,42,CONTRIBUICAO PATRONAL PARA O FUNFIP
2015|43,2015,43,CONTRIBUICAO DO SERVIDOR PARA O FUNFIP
2015|44,2015,44,COMPENSACAO FINANCEIRA ENTRE REGIMES DE PREVIDENCIA
2015|45,2015,45,"DOACOES DE PESSOAS, DE INSTITUICOES PRIVADAS OU DO EXTERIOR A ORGAO E ENTIDADES DO ESTADO"
2015|47,2015,47,ALIENACAO DE BENS DE ENTIDADES ESTADUAIS
2015|48,2015,48,ALIENACAO DE BENS DO TESOURO ESTADUAL
2015|49,2015,49,CONTRIBUICAO PATRONAL DO ESTADO AOS INSTITUTOS DE PREVIDENCIA
2015|50,2015,50,CONTRIBUICAO DO SERVIDOR DO ESTADO AOS INSTITUTOS DE PREVIDENCIA
2015|51,2015,51,CONTRIBUICAO DE INTERVENCAO NO DOMINIO ECONOMICO/COMBUSTIVEIS-CIDE
2015|52,2015,52,TAXA DE CONTROLE E FISCALIZACAO AMBIENTAL
2015|53,2015,53,TAXA DE INCENDIO
2015|54,2015,54,TAXA DE LICENCIAMENTO DA FAIXA DE DOMINIO DAS RODOVIAS
2015|55,2015,55,TRANSFERENCIAS DE RECURSOS DOS MUNICIPIOS VINCULADOS A FARMACIA BASICA - FES
2015|56,2015,56,TRANSFERENCIAS DE RECURSOS DA UNIAO VINCULADOS A ASSISTENCIA SOCIAL
2015|57,2015,57,TRANSFERENCIAS DE RECURSOS DA UNIAO POR MEIO DE PORTARIA
2015|58,2015,58,RECURSOS PARA COBERTURA DO DEFICIT ATUARIAL DO RPPS
2015|59,2015,59,OUTROS RECURSOS VINCULADOS
2015|60,2015,60,RECURSOS DIRETAMENTE ARRECADADOS
2015|61,2015,61,RECURSOS DIRETAMENTE ARRECADADOS COM VINCULACAO ESPECIFICA
2015|70,2015,70,"CONVENIOS COM OS ESTADOS, O DISTRITO FEDERAL, OS MUNICIPIOS, AS INSTITUICOES PRIVADAS E O"
2015|71,2015,71,RECURSOS DO FUNDO ESTADUAL DE ERRADICACAO DA MISERIA
2015|72,2015,72,TAXA DE FISCALIZACAO DE RECURSOS MINERARIOS
2015|73,2015,73,ACORDOS E AJUSTES DE COOPERACAO MUTUA COM A UNIAO E SUAS ENTIDADES.
2015|74,2015,74,"ACORDOS E AJUSTES DE COOPERACAO MUTUA COM OS ESTADOS, O DISTRITO FEDERAL, OS MUNICIPIOS,"
2015|75,2015,75,CONTRIBUICAO PATRONAL PARA CUSTEIO DOS PROVENTOS DOS MILITARES
2015|77,2015,77,"RECEITAS DE FISCALIZACAO, TAXAS E CUSTAS JUDICIAIS"
2015|81,2015,81,RECURSOS DE DEPOSITOS JUDICIAIS - LEI 21.720/15 E L.C. FEDERAL 151/15
2016|10,2016,10,RECURSOS ORDINARIOS
2016|20,2016,20,RECURSOS CONSTITUC.VINCULADOS AOS MUNICIPIOS
2016|21,2016,21,COTA ESTADUAL DO SALARIO EDUCACAO - QESE
2016|22,2016,22,RECURSOS DO SISTEMA UNICO DE SAUDE - SUS
2016|23,2016,23,FUNDO DE MANUTENCAO E DESENVOLVIMENTO DA EDUCACAO BASICA - FUNDEB
2016|24,2016,24,CONVENIOS COM A UNIAO E SUAS ENTIDADES
2016|25,2016,25,OPERACOES DE CREDITO CONTRATUAIS
2016|26,2016,26,TAXA  FLORESTAL
2016|27,2016,27,TAXA DE SEGURANCA PUBLICA
2016|29,2016,29,TAXA DE EXPEDIENTE
2016|30,2016,30,CONTRIBUICAO A APOSENTADORIA
2016|31,2016,31,UTILIZACAO DE RECURSOS HIDRICOS
2016|32,2016,32,EXPLORACAO DE RECURSOS MINERAIS
2016|33,2016,33,EXPLORACAO E PRODUCAO DE PETROLEO  E GAS NATURAL
2016|36,2016,36,TRANSFERENCIAS DE RECURSOS DA UNIAO VINCULADOS A EDUCACAO
2016|38,2016,38,TRANSFERENCIAS DE RECURSOS DA UNIAO VINCULADOS AO ESPORTE
2016|39,2016,39,MULTAS PECUNIARIAS E JUROS DE MORA FIXADOS EM SENTENCAS JUDICIAIS
2016|42,2016,42,CONTRIBUICAO PATRONAL PARA O FUNFIP
2016|43,2016,43,CONTRIBUICAO DO SERVIDOR PARA O FUNFIP
2016|44,2016,44,COMPENSACAO FINANCEIRA ENTRE REGIMES DE PREVIDENCIA
2016|45,2016,45,"DOACOES DE PESSOAS, DE INSTITUICOES PRIVADAS OU DO EXTERIOR A ORGAO E ENTIDADES DO ESTADO"
2016|47,2016,47,ALIENACAO DE BENS DE ENTIDADES ESTADUAIS
2016|49,2016,49,CONTRIBUICAO PATRONAL DO ESTADO AOS INSTITUTOS DE PREVIDENCIA
2016|50,2016,50,CONTRIBUICAO DO SERVIDOR DO ESTADO AOS INSTITUTOS DE PREVIDENCIA
2016|51,2016,51,CONTRIBUICAO DE INTERVENCAO NO DOMINIO ECONOMICO/COMBUSTIVEIS-CIDE
2016|52,2016,52,TAXA DE CONTROLE E FISCALIZACAO AMBIENTAL
2016|53,2016,53,TAXA DE INCENDIO
2016|54,2016,54,TAXA DE LICENCIAMENTO DA FAIXA DE DOMINIO DAS RODOVIAS
2016|55,2016,55,TRANSFERENCIAS DE RECURSOS DOS MUNICIPIOS VINCULADOS A FARMACIA BASICA - FES
2016|56,2016,56,TRANSFERENCIAS DE RECURSOS DA UNIAO VINCULADOS A ASSISTENCIA SOCIAL
2016|57,2016,57,TRANSFERENCIAS DE RECURSOS DA UNIAO POR MEIO DE PORTARIA
2016|58,2016,58,RECURSOS PARA COBERTURA DO DEFICIT ATUARIAL DO RPPS
2016|59,2016,59,OUTROS RECURSOS VINCULADOS
2016|60,2016,60,RECURSOS DIRETAMENTE ARRECADADOS
2016|61,2016,61,RECURSOS DIRETAMENTE ARRECADADOS COM VINCULACAO ESPECIFICA
2016|70,2016,70,"CONVENIOS COM OS ESTADOS, O DISTRITO FEDERAL, OS MUNICIPIOS, AS INSTITUICOES PRIVADAS E O"
2016|71,2016,71,RECURSOS DO FUNDO ESTADUAL DE ERRADICACAO DA MISERIA
2016|72,2016,72,TAXA DE FISCALIZACAO DE RECURSOS MINERARIOS
2016|73,2016,73,ACORDOS E AJUSTES DE COOPERACAO MUTUA COM A UNIAO E SUAS ENTIDADES.
2016|74,2016,74,"ACORDOS E AJUSTES DE COOPERACAO MUTUA COM OS ESTADOS, O DISTRITO FEDERAL, OS MUNICIPIOS,"
2016|75,2016,75,CONTRIBUICAO PATRONAL PARA CUSTEIO DOS PROVENTOS DOS MILITARES
2016|77,2016,77,"RECEITAS DE FISCALIZACAO, TAXAS E CUSTAS JUDICIAIS"
2016|81,2016,81,RECURSOS DE DEPOSITOS JUDICIAIS LEI 21.720/15
2016|82,2016,82,NOTIFICACAO DE INFRACAO DE TRANSITO ESTADO
2016|83,2016,83,NOTIFICACAO DE INFRACAO DE TRANSITO FUNTRANS
2016|84,2016,84,TRANSFERENCIAS DE RECURSOS DO SUS PARA A GESTAO DO SUS
2016|85,2016,85,TRANSFERENCIAS DE RECURSOS DO SUS PARA A VIGILANCIA EM SAUDE
2016|86,2016,86,TRANSFERENCIAS DE RECURSOS DO SUS PARA A ASSISTENCIA FARMACEUTICA
2016|87,2016,87,TRANSFERENCIAS DE RECURSOS DO SUS PARA A ATENCAO BASICA
2016|88,2016,88,TRANSFERENCIAS DE RECURSOS DO SUS PARA INVESTIMENTOS NA REDE DE SERVICOS DE SAUDE
2017|10,2017,10,RECURSOS ORDINARIOS
2017|20,2017,20,RECURSOS CONSTITUC.VINCULADOS AOS MUNICIPIOS
2017|21,2017,21,COTA ESTADUAL DO SALARIO EDUCACAO - QESE
2017|22,2017,22,RECURSOS DO SISTEMA UNICO DE SAUDE - SUS
2017|23,2017,23,FUNDO DE MANUTENCAO E DESENVOLVIMENTO DA EDUCACAO BASICA - FUNDEB
2017|24,2017,24,CONVENIOS COM A UNIAO E SUAS ENTIDADES
2017|25,2017,25,OPERACOES DE CREDITO CONTRATUAIS
2017|26,2017,26,TAXA  FLORESTAL
2017|27,2017,27,TAXA DE SEGURANCA PUBLICA
2017|29,2017,29,TAXA DE EXPEDIENTE
2017|30,2017,30,CONTRIBUICAO A APOSENTADORIA
2017|31,2017,31,UTILIZACAO DE RECURSOS HIDRICOS
2017|32,2017,32,EXPLORACAO DE RECURSOS MINERAIS
2017|33,2017,33,EXPLORACAO E PRODUCAO DE PETROLEO  E GAS NATURAL
2017|36,2017,36,TRANSFERENCIAS DE RECURSOS DA UNIAO VINCULADOS A EDUCACAO
2017|38,2017,38,TRANSFERENCIAS DE RECURSOS DA UNIAO VINCULADOS AO ESPORTE
2017|39,2017,39,MULTAS PECUNIARIAS E JUROS DE MORA FIXADOS EM SENTENCAS JUDICIAIS
2017|42,2017,42,CONTRIBUICAO PATRONAL PARA O FUNFIP
2017|43,2017,43,CONTRIBUICAO DO SERVIDOR PARA O FUNFIP
2017|44,2017,44,COMPENSACAO FINANCEIRA ENTRE REGIMES DE PREVIDENCIA
2017|45,2017,45,"DOACOES DE PESSOAS, DE INSTITUICOES PRIVADAS OU DO EXTERIOR A ORGAO E ENTIDADES DO ESTADO"
2017|47,2017,47,ALIENACAO DE BENS DE ENTIDADES ESTADUAIS
2017|48,2017,48,ALIENACAO DE BENS DO TESOURO ESTADUAL
2017|49,2017,49,CONTRIBUICAO PATRONAL DO ESTADO AOS INSTITUTOS DE PREVIDENCIA
2017|50,2017,50,CONTRIBUICAO DO SERVIDOR DO ESTADO AOS INSTITUTOS DE PREVIDENCIA
2017|51,2017,51,CONTRIBUICAO DE INTERVENCAO NO DOMINIO ECONOMICO/COMBUSTIVEIS-CIDE
2017|52,2017,52,TAXA DE CONTROLE E FISCALIZACAO AMBIENTAL
2017|53,2017,53,TAXA DE INCENDIO
2017|54,2017,54,TAXA DE LICENCIAMENTO DA FAIXA DE DOMINIO DAS RODOVIAS
2017|55,2017,55,TRANSFERENCIAS DE RECURSOS DOS MUNICIPIOS VINCULADOS A FARMACIA BASICA - FES
2017|56,2017,56,TRANSFERENCIAS DE RECURSOS DA UNIAO VINCULADOS A ASSISTENCIA SOCIAL
2017|57,2017,57,TRANSFERENCIAS DE RECURSOS DA UNIAO POR MEIO DE PORTARIA
2017|58,2017,58,RECURSOS PARA COBERTURA DO DEFICIT ATUARIAL DO RPPS
2017|59,2017,59,OUTROS RECURSOS VINCULADOS
2017|60,2017,60,RECURSOS DIRETAMENTE ARRECADADOS
2017|61,2017,61,RECURSOS DIRETAMENTE ARRECADADOS COM VINCULACAO ESPECIFICA
2017|70,2017,70,"CONVENIOS COM OS ESTADOS, O DISTRITO FEDERAL, OS MUNICIPIOS, AS INSTITUICOES PRIVADAS E O"
2017|71,2017,71,RECURSOS DO FUNDO ESTADUAL DE ERRADICACAO DA MISERIA
2017|72,2017,72,TAXA DE FISCALIZACAO DE RECURSOS MINERARIOS
2017|73,2017,73,ACORDOS E AJUSTES DE COOPERACAO MUTUA COM A UNIAO E SUAS ENTIDADES.
2017|74,2017,74,"ACORDOS E AJUSTES DE COOPERACAO MUTUA COM OS ESTADOS, O DISTRITO FEDERAL, OS MUNICIPIOS,"
2017|75,2017,75,CONTRIBUICAO PATRONAL PARA CUSTEIO DOS PROVENTOS DOS MILITARES
2017|77,2017,77,"RECEITAS DE FISCALIZACAO, TAXAS E CUSTAS JUDICIAIS"
2017|81,2017,81,RECURSOS DE DEPOSITOS JUDICIAIS LEI 21.720/15
2017|82,2017,82,NOTIFICACAO DE INFRACAO DE TRANSITO ESTADO
2017|83,2017,83,NOTIFICACAO DE INFRACAO DE TRANSITO FUNTRANS
2017|84,2017,84,TRANSFERENCIAS DE RECURSOS DO SUS PARA A GESTAO DO SUS
2017|85,2017,85,TRANSFERENCIAS DE RECURSOS DO SUS PARA A VIGILANCIA EM SAUDE
2017|86,2017,86,TRANSFERENCIAS DE RECURSOS DO SUS PARA A ASSISTENCIA FARMACEUTICA
2017|87,2017,87,TRANSFERENCIAS DE RECURSOS DO SUS PARA A ATENCAO BASICA
2017|88,2017,88,TRANSFERENCIAS DE RECURSOS DO SUS PARA INVESTIMENTOS NA REDE DE SERVICOS DE SAUDE
2018|10,2018,10,RECURSOS ORDINARIOS
2018|20,2018,20,RECURSOS CONSTITUC.VINCULADOS AOS MUNICIPIOS
2018|21,2018,21,COTA ESTADUAL DO SALARIO EDUCACAO - QESE
2018|22,2018,22,RECURSOS DO SISTEMA UNICO DE SAUDE - SUS
2018|23,2018,23,FUNDO DE MANUTENCAO E DESENVOLVIMENTO DA EDUCACAO BASICA - FUNDEB
2018|24,2018,24,CONVENIOS COM A UNIAO E SUAS ENTIDADES
2018|25,2018,25,OPERACOES DE CREDITO CONTRATUAIS
2018|26,2018,26,TAXA  FLORESTAL - ADMINISTRACAO INDIRETA
2018|27,2018,27,TAXA DE SEGURANCA PUBLICA
2018|29,2018,29,TAXA DE EXPEDIENTE - ADMINISTRACAO DIRETA
2018|30,2018,30,CONTRIBUICAO A APOSENTADORIA
2018|31,2018,31,UTILIZACAO DE RECURSOS HIDRICOS
2018|32,2018,32,EXPLORACAO DE RECURSOS MINERAIS
2018|33,2018,33,EXPLORACAO E PRODUCAO DE PETROLEO  E GAS NATURAL
2018|36,2018,36,TRANSFERENCIAS DE RECURSOS DA UNIAO VINCULADOS A EDUCACAO
2018|37,2018,37,TRANSFERENCIAS DE RECURSOS DA UNIAO VINCULADOS A SAUDE
2018|38,2018,38,TRANSFERENCIAS DE RECURSOS DA UNIAO VINCULADOS AO ESPORTE
2018|39,2018,39,MULTAS PECUNIARIAS E JUROS DE MORA FIXADOS EM SENTENCAS JUDICIAIS
2018|42,2018,42,CONTRIBUICAO PATRONAL PARA O FUNFIP
2018|43,2018,43,CONTRIBUICAO DO SERVIDOR PARA O FUNFIP
2018|44,2018,44,COMPENSACAO FINANCEIRA ENTRE REGIMES DE PREVIDENCIA
2018|45,2018,45,"DOACOES DE PESSOAS, DE INSTITUICOES PRIVADAS OU DO EXTERIOR A ORGAO E ENTIDADES DO ESTADO"
2018|47,2018,47,ALIENACAO DE BENS DE ENTIDADES ESTADUAIS
2018|48,2018,48,ALIENACAO DE BENS DO TESOURO ESTADUAL
2018|49,2018,49,CONTRIBUICAO PATRONAL DO ESTADO AOS INSTITUTOS DE PREVIDENCIA
2018|50,2018,50,CONTRIBUICAO DO SERVIDOR DO ESTADO AOS INSTITUTOS DE PREVIDENCIA
2018|51,2018,51,CONTRIBUICAO DE INTERVENCAO NO DOMINIO ECONOMICO/COMBUSTIVEIS-CIDE
2018|52,2018,52,TAXA DE CONTROLE E FISCALIZACAO AMBIENTAL
2018|53,2018,53,TAXA DE INCENDIO
2018|54,2018,54,TAXA DE LICENCIAMENTO DA FAIXA DE DOMINIO DAS RODOVIAS
2018|55,2018,55,TRANSFERENCIAS DE RECURSOS DOS MUNICIPIOS VINCULADOS A FARMACIA BASICA - FES
2018|56,2018,56,TRANSFERENCIAS DE RECURSOS DA UNIAO VINCULADOS A ASSISTENCIA SOCIAL
2018|57,2018,57,TRANSFERENCIAS DE RECURSOS DA UNIAO POR MEIO DE PORTARIA
2018|58,2018,58,RECURSOS PARA COBERTURA DO DEFICIT ATUARIAL DO RPPS
2018|59,2018,59,OUTROS RECURSOS VINCULADOS
2018|60,2018,60,RECURSOS DIRETAMENTE ARRECADADOS
2018|61,2018,61,RECURSOS DIRETAMENTE ARRECADADOS COM VINCULACAO ESPECIFICA
2018|70,2018,70,"CONVENIOS COM OS ESTADOS, O DISTRITO FEDERAL, OS MUNICIPIOS, AS INSTITUICOES PRIVADAS E OS ORGANISMO"
2018|71,2018,71,RECURSOS DO FUNDO ESTADUAL DE ERRADICACAO DA MISERIA
2018|72,2018,72,TAXA DE FISCALIZACAO DE RECURSOS MINERARIOS
2018|73,2018,73,ACORDOS E AJUSTES DE COOPERACAO MUTUA COM A UNIAO E SUAS ENTIDADES.
2018|74,2018,74,"ACORDOS E AJUSTES DE COOPERACAO MUTUA COM OS ESTADOS, O DISTRITO FEDERAL, OS MUNICIPIOS, AS INSTITUI"
2018|75,2018,75,CONTRIBUICAO PATRONAL PARA CUSTEIO DOS PROVENTOS DOS MILITARES
2018|77,2018,77,TAXA DE FISCALIZACAO JUDICIARIA E TAXAS E MULTAS JUDICIAIS
2018|81,2018,81,RECURSOS DE DEPOSITOS JUDICIAIS LEI 21.720/15
2018|82,2018,82,NOTIFICACAO DE INFRACAO DE TRANSITO ESTADO
2018|83,2018,83,NOTIFICACAO DE INFRACAO DE TRANSITO FUNTRANS
2018|84,2018,84,TRANSFERENCIAS DE RECURSOS DO SUS PARA A GESTAO DO SUS
2018|85,2018,85,TRANSFERENCIAS DE RECURSOS DO SUS PARA A VIGILANCIA EM SAUDE
2018|86,2018,86,TRANSFERENCIAS DE RECURSOS DO SUS PARA A ASSISTENCIA FARMACEUTICA
2018|87,2018,87,TRANSFERENCIAS DE RECURSOS DO SUS PARA A ATENCAO BASICA
2018|88,2018,88,TRANSFERENCIAS DE RECURSOS DO SUS PARA INVESTIMENTOS NA REDE DE SERVICOS DE SAUDE
2018|89,2018,89,RECURSOS DECORRENTES DA OPERACAO DE SECURITIZACAO DOS ATIVOS DO FECIDAT
2018|91,2018,91,TAXA DE EXPEDIENTE - ADMINISTRACAO INDIRETA
2019|10,2019,10,RECURSOS ORDINARIOS
2019|20,2019,20,RECURSOS CONSTITUC.VINCULADOS AOS MUNICIPIOS
2019|21,2019,21,COTA ESTADUAL DO SALARIO EDUCACAO - QESE
2019|23,2019,23,FUNDO DE MANUTENCAO E DESENVOLVIMENTO DA EDUCACAO BASICA - FUNDEB
2019|24,2019,24,"CONVENIOS, ACORDOS E AJUSTES PROVENIENTES DA UNIAO E SUAS ENTIDADES"
2019|25,2019,25,OPERACOES DE CREDITO CONTRATUAIS
2019|26,2019,26,TAXA  FLORESTAL - ADMINISTRACAO INDIRETA
2019|27,2019,27,TAXA DE SEGURANCA PUBLICA
2019|29,2019,29,TAXA DE EXPEDIENTE - ADMINISTRACAO DIRETA
2019|30,2019,30,CONTRIBUICAO A APOSENTADORIA
2019|31,2019,31,UTILIZACAO DE RECURSOS HIDRICOS
2019|32,2019,32,EXPLORACAO DE RECURSOS MINERAIS
2019|33,2019,33,EXPLORACAO E PRODUCAO DE PETROLEO  E GAS NATURAL
2019|36,2019,36,TRANSFERENCIAS DE RECURSOS DA UNIAO VINCULADOS A EDUCACAO
2019|37,2019,37,TRANSFERENCIAS DE RECURSOS DA UNIAO VINCULADOS A SAUDE
2019|38,2019,38,TRANSFERENCIAS DE RECURSOS DA UNIAO VINCULADOS AO ESPORTE
2019|39,2019,39,MULTAS PECUNIARIAS E JUROS DE MORA FIXADOS EM SENTENCAS JUDICIAIS
2019|42,2019,42,CONTRIBUICAO PATRONAL PARA O FUNFIP
2019|43,2019,43,CONTRIBUICAO DO SERVIDOR PARA O FUNFIP
2019|44,2019,44,COMPENSACAO FINANCEIRA ENTRE REGIMES DE PREVIDENCIA
2019|45,2019,45,"DOACOES DE PESSOAS, DE INSTITUICOES PRIVADAS OU DO EXTERIOR A ORGAO E ENTIDADES DO ESTADO"
2019|47,2019,47,ALIENACAO DE BENS DE ENTIDADES ESTADUAIS
2019|48,2019,48,ALIENACAO DE BENS DO TESOURO ESTADUAL
2019|49,2019,49,CONTRIBUICAO PATRONAL DO ESTADO AOS INSTITUTOS DE PREVIDENCIA
2019|50,2019,50,CONTRIBUICAO DO SERVIDOR DO ESTADO AOS INSTITUTOS DE PREVIDENCIA
2019|51,2019,51,CONTRIBUICAO DE INTERVENCAO NO DOMINIO ECONOMICO/COMBUSTIVEIS-CIDE
2019|52,2019,52,TAXA DE CONTROLE E FISCALIZACAO AMBIENTAL
2019|53,2019,53,TAXA DE INCENDIO
2019|54,2019,54,TAXA DE LICENCIAMENTO DA FAIXA DE DOMINIO DAS RODOVIAS
2019|56,2019,56,TRANSFERENCIAS DE RECURSOS DA UNIAO VINCULADOS A ASSISTENCIA SOCIAL
2019|57,2019,57,TRANSFERENCIAS DE RECURSOS DA UNIAO POR MEIO DE PORTARIA
2019|58,2019,58,RECURSOS PARA COBERTURA DO DEFICIT ATUARIAL DO RPPS
2019|59,2019,59,OUTROS RECURSOS VINCULADOS
2019|60,2019,60,RECURSOS DIRETAMENTE ARRECADADOS
2019|61,2019,61,RECURSOS DIRETAMENTE ARRECADADOS COM VINCULACAO ESPECIFICA
2019|70,2019,70,"CONVENIOS COM OS ESTADOS, O DISTRITO FEDERAL, OS MUNICIPIOS, AS INSTITUICOES PRIVADAS E OS ORGANISMO"
2019|71,2019,71,RECURSOS DO FUNDO ESTADUAL DE ERRADICACAO DA MISERIA
2019|72,2019,72,TAXA DE FISCALIZACAO DE RECURSOS MINERARIOS
2019|73,2019,73,ACORDOS E AJUSTES DE COOPERACAO MUTUA COM A UNIAO E SUAS ENTIDADES.
2019|74,2019,74,"ACORDOS E AJUSTES DE COOPERACAO MUTUA COM OS ESTADOS, O DISTRITO FEDERAL, OS MUNICIPIOS, AS INSTITUI"
2019|75,2019,75,CONTRIBUICAO PATRONAL PARA CUSTEIO DOS PROVENTOS DOS MILITARES
2019|77,2019,77,TAXA DE FISCALIZACAO JUDICIARIA E TAXAS E MULTAS JUDICIAIS
2019|82,2019,82,NOTIFICACAO DE INFRACAO DE TRANSITO ESTADO
2019|83,2019,83,NOTIFICACAO DE INFRACAO DE TRANSITO FUNTRANS
2019|89,2019,89,RECURSOS DECORRENTES DA OPERACAO DE SECURITIZACAO DOS ATIVOS DO FECIDAT
2019|91,2019,91,TAXA DE EXPEDIENTE - ADMINISTRACAO INDIRETA
2019|92,2019,92,TRANSFERENCIAS DE RECURSOS DA UNIAO VINCULADOS A SAUDE - BLOCO DE CUSTEIO
2019|93,2019,93,TRANSFERENCIAS DE RECURSOS DA UNIAO VINCULADOS A SAUDE - BLOCO DE INVESTIMENTO
2019|95,2019,95,RECURSOS RECEBIDOS POR DANOS ADVINDOS DE DESASTRES SOCIOAMBIENTAIS
2022|10,2022,10,RECURSOS ORDINARIOS
2022|11,2022,11,RECURSOS DE DESVINCULACAO DE RECEITAS ? EC 93/2016
2022|13,2022,13,FUNDO DE MANUTENCAO E DESENVOLVIMENTO DA EDUCACAO BASICA - FUNDEB - REGULARIZACAO DE EXERCICIOS ANTE
2022|20,2022,20,RECURSOS CONSTITUC.VINCULADOS AOS MUNICIPIOS
2022|21,2022,21,COTA ESTADUAL DO SALARIO EDUCACAO - QESE
2022|23,2022,23,FUNDO DE MANUTENCAO E DESENVOLVIMENTO DA EDUCACAO BASICA - FUNDEB
2022|24,2022,24,"CONVENIOS, ACORDOS E AJUSTES PROVENIENTES DA UNIAO E SUAS ENTIDADES"
2022|25,2022,25,OPERACOES DE CREDITO CONTRATUAIS
2022|26,2022,26,TAXA  FLORESTAL - ADMINISTRACAO INDIRETA
2022|27,2022,27,TAXA DE SEGURANCA PUBLICA
2022|29,2022,29,TAXA DE EXPEDIENTE - ADMINISTRACAO DIRETA
2022|31,2022,31,UTILIZACAO DE RECURSOS HIDRICOS
2022|32,2022,32,EXPLORACAO DE RECURSOS MINERAIS
2022|33,2022,33,EXPLORACAO E PRODUCAO DE PETROLEO  E GAS NATURAL
2022|36,2022,36,TRANSFERENCIAS DE RECURSOS DA UNIAO VINCULADOS A EDUCACAO
2022|37,2022,37,TRANSFERENCIAS DE RECURSOS DA UNIAO VINCULADOS A SAUDE
2022|38,2022,38,TRANSFERENCIAS DE RECURSOS DA UNIAO VINCULADOS AO ESPORTE
2022|39,2022,39,MULTAS PECUNIARIAS E JUROS DE MORA FIXADOS EM SENTENCAS JUDICIAIS
2022|42,2022,42,CONTRIBUICAO PATRONAL PARA O RPPS
2022|43,2022,43,CONTRIBUICAO DO SERVIDOR PARA O RPPS
2022|44,2022,44,COMPENSACAO FINANCEIRA ENTRE REGIMES DE PREVIDENCIA
2022|45,2022,45,"DOACOES DE PESSOAS, DE INSTITUICOES PRIVADAS OU DO EXTERIOR A ORGAO E ENTIDADES DO ESTADO"
2022|46,2022,46,"DOACOES DE PESSOAS, DE INSTITUICOES PRIVADAS OU DO EXTERIOR AO TESOURO ESTADUAL"
2022|47,2022,47,ALIENACAO DE BENS DE ENTIDADES ESTADUAIS
2022|48,2022,48,ALIENACAO DE BENS DO TESOURO ESTADUAL
2022|49,2022,49,CONTRIBUICAO PATRONAL DO ESTADO AOS INSTITUTOS DE PREVIDENCIA
2022|50,2022,50,CONTRIBUICAO DO SERVIDOR DO ESTADO AOS INSTITUTOS DE PREVIDENCIA
2022|51,2022,51,CONTRIBUICAO DE INTERVENCAO NO DOMINIO ECONOMICO/COMBUSTIVEIS-CIDE
2022|52,2022,52,TAXA DE CONTROLE E FISCALIZACAO AMBIENTAL
2022|53,2022,53,TAXA DE INCENDIO
2022|54,2022,54,TAXA DE LICENCIAMENTO DA FAIXA DE DOMINIO DAS RODOVIAS
2022|56,2022,56,TRANSFERENCIAS DE RECURSOS DA UNIAO VINCULADOS A ASSISTENCIA SOCIAL
2022|57,2022,57,TRANSFERENCIAS DE RECURSOS DA UNIAO POR MEIO DE PORTARIA
2022|58,2022,58,RECURSOS PARA COBERTURA DE INSUFICIENCIA FINANCEIRA DO RPPS
2022|59,2022,59,OUTROS RECURSOS VINCULADOS
2022|60,2022,60,RECURSOS DIRETAMENTE ARRECADADOS
2022|61,2022,61,RECURSOS DIRETAMENTE ARRECADADOS COM VINCULACAO ESPECIFICA
2022|70,2022,70,"CONVENIOS COM OS ESTADOS, O DISTRITO FEDERAL, OS MUNICIPIOS, AS INSTITUICOES PRIVADAS E OS ORGANISMO"
2022|71,2022,71,RECURSOS DO FUNDO ESTADUAL DE ERRADICACAO DA MISERIA
2022|72,2022,72,TAXA DE FISCALIZACAO DE RECURSOS MINERARIOS
2022|73,2022,73,ACORDOS E AJUSTES DE COOPERACAO MUTUA COM A UNIAO E SUAS ENTIDADES.
2022|74,2022,74,"ACORDOS E AJUSTES DE COOPERACAO MUTUA COM OS ESTADOS, O DISTRITO FEDERAL, OS MUNICIPIOS, AS INSTITUI"
2022|77,2022,77,TAXA DE FISCALIZACAO JUDICIARIA E TAXAS E MULTAS JUDICIAIS
2022|78,2022,78,CONTRIBUICAO MILITAR PARA CUSTEIO DO SISTEMA DE PROTECAO SOCIAL DOS MILITARES
2022|82,2022,82,NOTIFICACAO DE INFRACAO DE TRANSITO ESTADO
2022|83,2022,83,NOTIFICACAO DE INFRACAO DE TRANSITO FUNTRANS
2022|91,2022,91,TAXA DE EXPEDIENTE - ADMINISTRACAO INDIRETA
2022|92,2022,92,TRANSFERENCIAS DE RECURSOS DA UNIAO VINCULADOS A SAUDE - BLOCO DE CUSTEIO
2022|93,2022,93,TRANSFERENCIAS DE RECURSOS DA UNIAO VINCULADOS A SAUDE - BLOCO DE INVESTIMENTO
2022|94,2022,94,TAXA FLORESTAL - ADMINISTRACAO DIRETA
2022|95,2022,95,RECURSOS RECEBIDOS POR DANOS ADVINDOS DE DESASTRES SOCIOAMBIENTAIS
2022|96,2022,96,BONUS DE ASSINATURA DO EXCEDENTE DA CESSAO ONEROSA PELA EXPLORACAO DO PRE-SAL
2022|97,2022,97,TRANSFERENCIAS ESPECIAIS DE RECURSOS DA UNIAO
2023|1,2023,1,CONVENIOS COM A UNIAO E SUAS ENTIDADES - EMENDAS INDIVIDUAIS
2023|2,2023,2,CONVENIOS COM A UNIAO E SUAS ENTIDADES - EMENDAS DE BANCADA
2023|3,2023,3,TRANSFERENCIAS DO FNDE VINCULADAS A EDUCACAO - EMENDAS INDIVIDUAIS
2023|4,2023,4,TRANSFERENCIAS DO FNDE VINCULADAS A EDUCACAO - EMENDAS DE BANCADA
2023|5,2023,5,TRANSFERENCIAS DA UNIAO VINCULADAS A ASSISTENCIA SOCIAL - EMENDAS INDIVIDUAIS
2023|6,2023,6,TRANSFERENCIAS DA UNIAO VINCULADAS A ASSISTENCIA SOCIAL - EMENDAS DE BANCADA
2023|9,2023,9,"TERMOS DE AJUSTAMENTO, DOACOES CONTROLADAS POR INSTRUMENTO JURIDICO E CONGENERES"
2023|10,2023,10,RECURSOS ORDINARIOS - RECURSOS NAO VINCULADOS DE IMPOSTOS
2023|11,2023,11,RECURSOS DE DESVINCULACAO DE RECEITAS
2023|13,2023,13,FUNDO DE MANUTENCAO E DESENVOLVIMENTO DA EDUCACAO BASICA - FUNDEB - REGULARIZACAO DE EXERCICIOS ANTE
2023|15,2023,15,RECURSOS ORDINARIOS - OUTROS RECURSOS NAO VINCULADOS
2023|17,2023,17,TRANSFERENCIAS DESTINADAS AO SETOR CULTURAL - LC 195/2022 - ART 5O - AUDIOVISUAL
2023|21,2023,21,COTA ESTADUAL DO SALARIO EDUCACAO - QESE
2023|23,2023,23,FUNDO DE MANUTENCAO E DESENVOLVIMENTO DA EDUCACAO BASICA - FUNDEB
2023|24,2023,24,CONVENIOS COM A UNIAO E SUAS ENTIDADES - EXCETO EMENDAS INDIVIDUAIS E DE BANCADA
2023|25,2023,25,OPERACOES DE CREDITO CONTRATUAIS
2023|26,2023,26,TAXA  FLORESTAL - ADMINISTRACAO INDIRETA
2023|27,2023,27,TAXA DE SEGURANCA PUBLICA
2023|29,2023,29,TAXA DE EXPEDIENTE - ADMINISTRACAO DIRETA
2023|31,2023,31,UTILIZACAO DE RECURSOS HIDRICOS
2023|32,2023,32,EXPLORACAO DE RECURSOS MINERAIS
2023|33,2023,33,EXPLORACAO E PRODUCAO DE PETROLEO  E GAS NATURAL
2023|36,2023,36,TRANSFERENCIAS DO FNDE VINCULADAS A EDUCACAO - EXCETO EMENDAS INDIVIDUAIS E DE BANCADA
2023|37,2023,37,TRANSFERENCIAS DA UNIAO VINCULADOS A SAUDE
2023|38,2023,38,TRANSFERENCIAS DA UNIAO VINCULADOS AO ESPORTE
2023|39,2023,39,MULTAS PECUNIARIAS E JUROS DE MORA FIXADOS EM SENTENCAS JUDICIAIS
2023|42,2023,42,CONTRIBUICAO PATRONAL PARA O RPPS
2023|43,2023,43,CONTRIBUICAO DO SERVIDOR PARA O RPPS
2023|44,2023,44,COMPENSACAO FINANCEIRA ENTRE REGIMES DE PREVIDENCIA
2023|45,2023,45,"DOACOES DE PESSOAS, DE INSTITUICOES PRIVADAS OU DO EXTERIOR A ORGAO E ENTIDADES DO ESTADO"
2023|46,2023,46,"DOACOES DE PESSOAS, DE INSTITUICOES PRIVADAS OU DO EXTERIOR AO TESOURO ESTADUAL"
2023|47,2023,47,ALIENACAO DE BENS DE ENTIDADES ESTADUAIS
2023|48,2023,48,ALIENACAO DE BENS DO TESOURO ESTADUAL
2023|49,2023,49,CONTRIBUICAO PATRONAL DO ESTADO AOS INSTITUTOS DE PREVIDENCIA
2023|50,2023,50,CONTRIBUICAO DO SERVIDOR DO ESTADO AOS INSTITUTOS DE PREVIDENCIA
2023|51,2023,51,CONTRIBUICAO DE INTERVENCAO NO DOMINIO ECONOMICO/COMBUSTIVEIS-CIDE
2023|52,2023,52,TAXA DE CONTROLE E FISCALIZACAO AMBIENTAL
2023|53,2023,53,TAXA DE INCENDIO
2023|54,2023,54,TAXA DE LICENCIAMENTO DA FAIXA DE DOMINIO DAS RODOVIAS
2023|56,2023,56,TRANSFERENCIAS DA UNIAO VINCULADAS A ASSISTENCIA SOCIAL - EXCETO EMENDAS INDIVIDUAIS E DE BANCADA
2023|57,2023,57,TRANSFERENCIAS DA UNIAO POR MEIO DE PORTARIA - EXCETO EMENDAS INDIVIDUAIS E DE BANCADA
2023|59,2023,59,OUTROS RECURSOS VINCULADOS
2023|60,2023,60,RECURSOS DIRETAMENTE ARRECADADOS
2023|61,2023,61,RECURSOS DIRETAMENTE ARRECADADOS COM VINCULACAO ESPECIFICA
2023|62,2023,62,TRANSFERENCIAS DA UNIAO VINCULADAS A SAUDE - BLOCO MANUTENCAO - EMENDAS INDIVIDUAIS
2023|63,2023,63,TRANSFERENCIAS DA UNIAO VINCULADAS A SAUDE - BLOCO MANUTENCAO - EMENDAS DE BANCADA
2023|64,2023,64,TRANSFERENCIAS DA UNIAO VINCULADAS A SAUDE - BLOCO ESTRUTURACAO - EMENDAS INDIVIDUAIS
2023|66,2023,66,ACORDOS E AJUSTES DE COOPERACAO MUTUA COM OS ESTADOS E O DISTRITO FEDERAL
2023|67,2023,67,ACORDOS E AJUSTES DE COOPERACAO MUTUA COM OS MUNICIPIOS
2023|68,2023,68,CONVENIOS COM AS INSTITUICOES PRIVADAS E OS ORGANISMOS DO EXTERIOR
2023|69,2023,69,CONVENIOS COM OS ESTADOS E O DISTRITO FEDERAL
2023|70,2023,70,CONVENIOS COM OS MUNICIPIOS
2023|71,2023,71,RECURSOS DO FUNDO ESTADUAL DE ERRADICACAO DA MISERIA
2023|72,2023,72,TAXA DE FISCALIZACAO DE RECURSOS MINERARIOS
2023|73,2023,73,"  ACORDOS, AJUSTES E DEMAIS INSTRUMENTOS DE COOPERACAO MUTUA COM A UNIAO E SUAS ENTIDADES"
2023|74,2023,74,ACORDOS E AJUSTES DE COOPERACAO MUTUA COM AS INSTITUICOES PRIVADAS E OS ORGANISMOS DO EXTERIOR
2023|77,2023,77,TAXA DE FISCALIZACAO JUDICIARIA E TAXAS E MULTAS JUDICIAIS
2023|78,2023,78,CONTRIBUICAO MILITAR PARA CUSTEIO DO SISTEMA DE PROTECAO SOCIAL DOS MILITARES
2023|82,2023,82,NOTIFICACAO DE INFRACAO DE TRANSITO ESTADO
2023|83,2023,83,NOTIFICACAO DE INFRACAO DE TRANSITO FUNTRANS
2023|91,2023,91,TAXA DE EXPEDIENTE - ADMINISTRACAO INDIRETA
2023|92,2023,92,TRANSFERENCIAS DA UNIAO VINCULADAS A SAUDE - BLOCO MANUTENCAO - EXCETO EMENDAS INDIV. E DE BANCADA
2023|93,2023,93,TRANSFERENCIAS DA UNIAO VINCULADAS A SAUDE - BLOCO ESTRUTURACAO - EXCETO EMENDAS INDIV. E DE BANCADA
2023|94,2023,94,TAXA FLORESTAL - ADMINISTRACAO DIRETA
2023|95,2023,95,RECURSOS RECEBIDOS POR DANOS ADVINDOS DE DESASTRES SOCIOAMBIENTAIS
2023|96,2023,96,BONUS DE ASSINATURA DO EXCEDENTE DA CESSAO ONEROSA PELA EXPLORACAO DO PRE-SAL
2023|97,2023,97,TRANSFERENCIAS ESPECIAIS DE RECURSOS DA UNIAO
2024|1,2024,1,CONVENIOS COM A UNIAO E SUAS ENTIDADES - EMENDAS INDIVIDUAIS
2024|2,2024,2,CONVENIOS COM A UNIAO E SUAS ENTIDADES - EMENDAS DE BANCADA
2024|3,2024,3,TRANSFERENCIAS DO FNDE VINCULADAS A EDUCACAO - EMENDAS INDIVIDUAIS
2024|5,2024,5,TRANSFERENCIAS DA UNIAO VINCULADAS A ASSISTENCIA SOCIAL - EMENDAS INDIVIDUAIS
2024|6,2024,6,TRANSFERENCIAS DA UNIAO VINCULADAS A ASSISTENCIA SOCIAL - EMENDAS DE BANCADA
2024|9,2024,9,"TERMOS DE AJUSTAMENTO, DOACOES CONTROLADAS POR INSTRUMENTO JURIDICO E CONGENERES"
2024|10,2024,10,RECURSOS ORDINARIOS - RECURSOS NAO VINCULADOS DE IMPOSTOS
2024|11,2024,11,RECURSOS DE DESVINCULACAO DE RECEITAS
2024|13,2024,13,FUNDO DE MANUTENCAO E DESENVOLVIMENTO DA EDUCACAO BASICA - FUNDEB - REGULARIZACAO DE EXERCICIOS ANTE
2024|15,2024,15,RECURSOS ORDINARIOS - OUTROS RECURSOS NAO VINCULADOS
2024|16,2024,16,DEMAIS TRANSFERENCIAS VINCULADAS DA UNIAO
2024|17,2024,17,TRANSFERENCIAS DESTINADAS AO SETOR CULTURAL - LC 195/2022 - ART 5O - AUDIOVISUAL
2024|18,2024,18,AUXILIO FINANCEIRO PELA OUTORGA DE CREDITO TRIBUTARIO - ICMS ETANOL
2024|19,2024,19,RECURSOS NAO VINCULADOS DA COMPENSACAO DE IMPOSTOS
2024|21,2024,21,COTA ESTADUAL DO SALARIO EDUCACAO - QESE
2024|23,2024,23,FUNDO DE MANUTENCAO E DESENVOLVIMENTO DA EDUCACAO BASICA - FUNDEB
2024|24,2024,24,CONVENIOS COM A UNIAO E SUAS ENTIDADES - EXCETO EMENDAS INDIVIDUAIS E DE BANCADA
2024|25,2024,25,OPERACOES DE CREDITO CONTRATUAIS
2024|26,2024,26,TAXA  FLORESTAL - ADMINISTRACAO INDIRETA
2024|27,2024,27,TAXA DE SEGURANCA PUBLICA
2024|29,2024,29,TAXA DE EXPEDIENTE - ADMINISTRACAO DIRETA
2024|31,2024,31,UTILIZACAO DE RECURSOS HIDRICOS
2024|32,2024,32,EXPLORACAO DE RECURSOS MINERAIS
2024|33,2024,33,EXPLORACAO E PRODUCAO DE PETROLEO  E GAS NATURAL
2024|36,2024,36,TRANSFERENCIAS DO FNDE VINCULADAS A EDUCACAO - EXCETO EMENDAS INDIVIDUAIS E DE BANCADA
2024|37,2024,37,TRANSFERENCIAS DA UNIAO VINCULADAS A SAUDE
2024|38,2024,38,TRANSFERENCIAS DA UNIAO VINCULADAS AO ESPORTE
2024|39,2024,39,MULTAS PECUNIARIAS E JUROS DE MORA FIXADOS EM SENTENCAS JUDICIAIS
2024|42,2024,42,CONTRIBUICAO PATRONAL PARA O RPPS
2024|43,2024,43,CONTRIBUICAO DO SERVIDOR PARA O RPPS
2024|44,2024,44,COMPENSACAO FINANCEIRA ENTRE REGIMES DE PREVIDENCIA
2024|45,2024,45,"DOACOES DE PESSOAS, DE INSTITUICOES PRIVADAS OU DO EXTERIOR A ORGAO E ENTIDADES DO ESTADO"
2024|46,2024,46,"DOACOES DE PESSOAS, DE INSTITUICOES PRIVADAS OU DO EXTERIOR AO TESOURO ESTADUAL"
2024|47,2024,47,ALIENACAO DE BENS DE ENTIDADES ESTADUAIS
2024|48,2024,48,ALIENACAO DE BENS DO TESOURO ESTADUAL
2024|49,2024,49,CONTRIBUICAO PATRONAL DO ESTADO AOS INSTITUTOS DE PREVIDENCIA
2024|50,2024,50,CONTRIBUICAO DO SERVIDOR DO ESTADO AOS INSTITUTOS DE PREVIDENCIA
2024|51,2024,51,CONTRIBUICAO DE INTERVENCAO NO DOMINIO ECONOMICO/COMBUSTIVEIS-CIDE
2024|52,2024,52,TAXA DE CONTROLE E FISCALIZACAO AMBIENTAL
2024|53,2024,53,TAXA DE INCENDIO
2024|54,2024,54,TAXA DE LICENCIAMENTO DA FAIXA DE DOMINIO DAS RODOVIAS
2024|55,2024,55,TRANSFERENCIAS DOS MUNICIPIOS VINCULADAS A FARMACIA BASICA - FES
2024|56,2024,56,TRANSFERENCIAS DA UNIAO VINCULADAS A ASSISTENCIA SOCIAL - EXCETO EMENDAS INDIVIDUAIS E DE BANCADA
2024|57,2024,57,TRANSFERENCIAS DA UNIAO POR MEIO DE PORTARIA - EXCETO EMENDAS INDIVIDUAIS E DE BANCADA
2024|59,2024,59,OUTROS RECURSOS VINCULADOS
2024|60,2024,60,RECURSOS DIRETAMENTE ARRECADADOS
2024|61,2024,61,RECURSOS DIRETAMENTE ARRECADADOS COM VINCULACAO ESPECIFICA
2024|62,2024,62,TRANSFERENCIAS DA UNIAO VINCULADAS A SAUDE - BLOCO MANUTENCAO - EMENDAS INDIVIDUAIS
2024|63,2024,63,TRANSFERENCIAS DA UNIAO VINCULADAS A SAUDE - BLOCO MANUTENCAO - EMENDAS DE BANCADA
2024|64,2024,64,TRANSFERENCIAS DA UNIAO VINCULADAS A SAUDE - BLOCO ESTRUTURACAO - EMENDAS INDIVIDUAIS
2024|65,2024,65,TRANSFERENCIAS DA UNIAO VINCULADAS A SAUDE - BLOCO ESTRUTURACAO - EMENDAS DE BANCADA
2024|66,2024,66,ACORDOS E AJUSTES DE COOPERACAO MUTUA COM OS ESTADOS E O DISTRITO FEDERAL
2024|67,2024,67,ACORDOS E AJUSTES DE COOPERACAO MUTUA COM OS MUNICIPIOS
2024|68,2024,68,CONVENIOS COM AS INSTITUICOES PRIVADAS E OS ORGANISMOS DO EXTERIOR
2024|69,2024,69,CONVENIOS COM OS ESTADOS E O DISTRITO FEDERAL
2024|70,2024,70,CONVENIOS COM OS MUNICIPIOS
2024|71,2024,71,RECURSOS DO FUNDO ESTADUAL DE ERRADICACAO DA MISERIA
2024|72,2024,72,TAXA DE FISCALIZACAO DE RECURSOS MINERARIOS
2024|73,2024,73,"ACORDOS, AJUSTES E DEMAIS INSTRUMENTOS DE COOPERACAO MUTUA COM A UNIAO E SUAS ENTIDADES"
2024|74,2024,74,ACORDOS E AJUSTES DE COOPERACAO MUTUA COM AS INSTITUICOES PRIVADAS E OS ORGANISMOS DO EXTERIOR
2024|77,2024,77,TAXA DE FISCALIZACAO JUDICIARIA E TAXAS E MULTAS JUDICIAIS
2024|78,2024,78,CONTRIBUICAO MILITAR PARA CUSTEIO DO SISTEMA DE PROTECAO SOCIAL DOS MILITARES
2024|82,2024,82,NOTIFICACAO DE INFRACAO DE TRANSITO ESTADO
2024|83,2024,83,NOTIFICACAO DE INFRACAO DE TRANSITO FUNTRANS
2024|91,2024,91,TAXA DE EXPEDIENTE - ADMINISTRACAO INDIRETA
2024|92,2024,92,TRANSFERENCIAS DA UNIAO VINCULADAS A SAUDE - BLOCO MANUTENCAO - EXCETO EMENDAS INDIV. E DE BANCADA
2024|93,2024,93,TRANSFERENCIAS DA UNIAO VINCULADAS A SAUDE - BLOCO ESTRUTURACAO - EXCETO EMENDAS INDIV. E DE BANCADA
2024|94,2024,94,TAXA FLORESTAL - ADMINISTRACAO DIRETA
2024|95,2024,95,RECURSOS RECEBIDOS POR DANOS ADVINDOS DE DESASTRES SOCIOAMBIENTAIS
2024|97,2024,97,TRANSFERENCIAS ESPECIAIS DE RECURSOS DA UNIAO - RECURSOS RECEBIDOS ATE 2023
2024|98,2024,98,TRANSFERENCIAS ESPECIAIS DE RECURSOS DA UNIAO
2025|1,2025,1,CONVENIOS COM A UNIAO E SUAS ENTIDADES - EMENDAS INDIVIDUAIS
2025|2,2025,2,CONVENIOS COM A UNIAO E SUAS ENTIDADES - EMENDAS DE BANCADA
2025|3,2025,3,TRANSFERENCIAS DO FNDE VINCULADAS A EDUCACAO - EMENDAS INDIVIDUAIS
2025|5,2025,5,TRANSFERENCIAS DA UNIAO VINCULADAS A ASSISTENCIA SOCIAL - EMENDAS INDIVIDUAIS
2025|6,2025,6,TRANSFERENCIAS DA UNIAO VINCULADAS A ASSISTENCIA SOCIAL - EMENDAS DE BANCADA
2025|9,2025,9,"TERMOS DE AJUSTAMENTO, DOACOES CONTROLADAS POR INSTRUMENTO JURIDICO E CONGENERES"
2025|10,2025,10,RECURSOS ORDINARIOS - RECURSOS NAO VINCULADOS DE IMPOSTOS
2025|11,2025,11,RECURSOS DE DESVINCULACAO DE RECEITAS
2025|13,2025,13,FUNDO DE MANUTENCAO E DESENVOLVIMENTO DA EDUCACAO BASICA - FUNDEB - REGULARIZACAO DE EXERCICIOS ANTE
2025|15,2025,15,RECURSOS ORDINARIOS - OUTROS RECURSOS NAO VINCULADOS
2025|16,2025,16,DEMAIS TRANSFERENCIAS VINCULADAS DA UNIAO
2025|17,2025,17,TRANSFERENCIAS DESTINADAS AO SETOR CULTURAL - LC 195/2022 - ART 5O - AUDIOVISUAL
2025|19,2025,19,RECURSOS NAO VINCULADOS DA COMPENSACAO DE IMPOSTOS
2025|21,2025,21,COTA ESTADUAL DO SALARIO EDUCACAO - QESE
2025|23,2025,23,FUNDO DE MANUTENCAO E DESENVOLVIMENTO DA EDUCACAO BASICA - FUNDEB
2025|24,2025,24,CONVENIOS COM A UNIAO E SUAS ENTIDADES - EXCETO EMENDAS INDIVIDUAIS E DE BANCADA
2025|25,2025,25,OPERACOES DE CREDITO CONTRATUAIS
2025|26,2025,26,TAXA  FLORESTAL - ADMINISTRACAO INDIRETA
2025|27,2025,27,TAXA DE SEGURANCA PUBLICA
2025|29,2025,29,TAXA DE EXPEDIENTE - ADMINISTRACAO DIRETA
2025|30,2025,30,CONTRIBUICAO A APOSENTADORIA
2025|31,2025,31,UTILIZACAO DE RECURSOS HIDRICOS
2025|32,2025,32,EXPLORACAO DE RECURSOS MINERAIS
2025|33,2025,33,EXPLORACAO E PRODUCAO DE PETROLEO  E GAS NATURAL
2025|36,2025,36,TRANSFERENCIAS DO FNDE VINCULADAS A EDUCACAO - EXCETO EMENDAS INDIVIDUAIS E DE BANCADA
2025|37,2025,37,TRANSFERENCIAS DA UNIAO VINCULADAS A SAUDE
2025|38,2025,38,TRANSFERENCIAS DA UNIAO VINCULADAS AO ESPORTE
2025|39,2025,39,MULTAS PECUNIARIAS E JUROS DE MORA FIXADOS EM SENTENCAS JUDICIAIS
2025|42,2025,42,CONTRIBUICAO PATRONAL PARA O RPPS
2025|43,2025,43,CONTRIBUICAO DO SERVIDOR PARA O RPPS
2025|44,2025,44,COMPENSACAO FINANCEIRA ENTRE REGIMES DE PREVIDENCIA
2025|45,2025,45,"DOACOES DE PESSOAS, DE INSTITUICOES PRIVADAS OU DO EXTERIOR A ORGAO E ENTIDADES DO ESTADO"
2025|46,2025,46,"DOACOES DE PESSOAS, DE INSTITUICOES PRIVADAS OU DO EXTERIOR AO TESOURO ESTADUAL"
2025|47,2025,47,ALIENACAO DE BENS DE ENTIDADES ESTADUAIS
2025|49,2025,49,CONTRIBUICAO PATRONAL DO ESTADO AOS INSTITUTOS DE PREVIDENCIA
2025|50,2025,50,CONTRIBUICAO DO SERVIDOR DO ESTADO AOS INSTITUTOS DE PREVIDENCIA
2025|51,2025,51,CONTRIBUICAO DE INTERVENCAO NO DOMINIO ECONOMICO/COMBUSTIVEIS-CIDE
2025|52,2025,52,TAXA DE CONTROLE E FISCALIZACAO AMBIENTAL
2025|54,2025,54,TAXA DE LICENCIAMENTO DA FAIXA DE DOMINIO DAS RODOVIAS
2025|56,2025,56,TRANSFERENCIAS DA UNIAO VINCULADAS A ASSISTENCIA SOCIAL - EXCETO EMENDAS INDIVIDUAIS E DE BANCADA
2025|57,2025,57,TRANSFERENCIAS DA UNIAO POR MEIO DE PORTARIA - EXCETO EMENDAS INDIVIDUAIS E DE BANCADA
2025|59,2025,59,OUTROS RECURSOS VINCULADOS
2025|60,2025,60,RECURSOS DIRETAMENTE ARRECADADOS
2025|61,2025,61,RECURSOS DIRETAMENTE ARRECADADOS COM VINCULACAO ESPECIFICA
2025|62,2025,62,TRANSFERENCIAS DA UNIAO VINCULADAS A SAUDE - BLOCO MANUTENCAO - EMENDAS INDIVIDUAIS
2025|63,2025,63,TRANSFERENCIAS DA UNIAO VINCULADAS A SAUDE - BLOCO MANUTENCAO - EMENDAS DE BANCADA
2025|64,2025,64,TRANSFERENCIAS DA UNIAO VINCULADAS A SAUDE - BLOCO ESTRUTURACAO - EMENDAS INDIVIDUAIS
2025|65,2025,65,TRANSFERENCIAS DA UNIAO VINCULADAS A SAUDE - BLOCO ESTRUTURACAO - EMENDAS DE BANCADA
2025|66,2025,66,ACORDOS E AJUSTES DE COOPERACAO MUTUA COM OS ESTADOS E O DISTRITO FEDERAL
2025|67,2025,67,ACORDOS E AJUSTES DE COOPERACAO MUTUA COM OS MUNICIPIOS
2025|68,2025,68,CONVENIOS COM AS INSTITUICOES PRIVADAS E OS ORGANISMOS DO EXTERIOR
2025|69,2025,69,CONVENIOS COM OS ESTADOS E O DISTRITO FEDERAL
2025|70,2025,70,CONVENIOS COM OS MUNICIPIOS
2025|71,2025,71,RECURSOS DO FUNDO ESTADUAL DE ERRADICACAO DA MISERIA
2025|72,2025,72,TAXA DE FISCALIZACAO DE RECURSOS MINERARIOS
2025|73,2025,73,"ACORDOS, AJUSTES E DEMAIS INSTRUMENTOS DE COOPERACAO MUTUA COM A UNIAO E SUAS ENTIDADES"
2025|74,2025,74,ACORDOS E AJUSTES DE COOPERACAO MUTUA COM AS INSTITUICOES PRIVADAS E OS ORGANISMOS DO EXTERIOR
2025|75,2025,75,CONTRIBUICAO PATRONAL PARA CUSTEIO DOS PROVENTOS DOS MILITARES
2025|77,2025,77,TAXA DE FISCALIZACAO JUDICIARIA E TAXAS E MULTAS JUDICIAIS
2025|79,2025,79,RECURSOS DECORRENTES DA CONVERSAO DE MULTAS AMBIENTAIS
2025|80,2025,80,RECURSOS DO ACORDO DE REPACTUACAO DO RIO DOCE
2025|82,2025,82,NOTIFICACAO DE INFRACAO DE TRANSITO ESTADO
2025|83,2025,83,NOTIFICACAO DE INFRACAO DE TRANSITO FUNTRANS
2025|90,2025,90,TRANSFERENCIAS DO FUNDEB - COMPLEMENTACAO DA UNIAO - VAAR
2025|91,2025,91,TAXA DE EXPEDIENTE - ADMINISTRACAO INDIRETA
2025|92,2025,92,TRANSFERENCIAS DA UNIAO VINCULADAS A SAUDE - BLOCO MANUTENCAO - EXCETO EMENDAS INDIV. E DE BANCADA
2025|93,2025,93,TRANSFERENCIAS DA UNIAO VINCULADAS A SAUDE - BLOCO ESTRUTURACAO - EXCETO EMENDAS INDIV. E DE BANCADA
2025|94,2025,94,TAXA FLORESTAL - ADMINISTRACAO DIRETA
2025|95,2025,95,RECURSOS RECEBIDOS POR DANOS ADVINDOS DE DESASTRES SOCIOAMBIENTAIS
2025|97,2025,97,TRANSFERENCIAS ESPECIAIS DE RECURSOS DA UNIAO - RECURSOS RECEBIDOS ATE 2023
2025|98,2025,98,TRANSFERENCIAS ESPECIAIS DE RECURSOS DA UNIAO
2026|1,2026,1,CONVENIOS COM A UNIAO E SUAS ENTIDADES - EMENDAS INDIVIDUAIS
2026|2,2026,2,CONVENIOS COM A UNIAO E SUAS ENTIDADES - EMENDAS DE BANCADA
2026|3,2026,3,TRANSFERENCIAS DO FNDE VINCULADAS A EDUCACAO - EMENDAS INDIVIDUAIS
2026|5,2026,5,TRANSFERENCIAS DA UNIAO VINCULADAS A ASSISTENCIA SOCIAL - EMENDAS INDIVIDUAIS
2026|6,2026,6,TRANSFERENCIAS DA UNIAO VINCULADAS A ASSISTENCIA SOCIAL - EMENDAS DE BANCADA
2026|9,2026,9,"TERMOS DE AJUSTAMENTO, DOACOES CONTROLADAS POR INSTRUMENTO JURIDICO E CONGENERES"
2026|10,2026,10,RECURSOS ORDINARIOS - RECURSOS NAO VINCULADOS DE IMPOSTOS
2026|11,2026,11,RECURSOS DE DESVINCULACAO DE RECEITAS
2026|13,2026,13,FUNDO DE MANUTENCAO E DESENVOLVIMENTO DA EDUCACAO BASICA - FUNDEB - REGULARIZACAO DE EXERCICIOS ANTE
2026|15,2026,15,RECURSOS ORDINARIOS - OUTROS RECURSOS NAO VINCULADOS
2026|16,2026,16,DEMAIS TRANSFERENCIAS VINCULADAS DA UNIAO
2026|21,2026,21,COTA ESTADUAL DO SALARIO EDUCACAO - QESE
2026|23,2026,23,FUNDO DE MANUTENCAO E DESENVOLVIMENTO DA EDUCACAO BASICA - FUNDEB
2026|24,2026,24,CONVENIOS COM A UNIAO E SUAS ENTIDADES - EXCETO EMENDAS INDIVIDUAIS E DE BANCADA
2026|25,2026,25,OPERACOES DE CREDITO CONTRATUAIS
2026|26,2026,26,TAXA  FLORESTAL - ADMINISTRACAO INDIRETA
2026|27,2026,27,TAXA DE SEGURANCA PUBLICA
2026|29,2026,29,TAXA DE EXPEDIENTE - ADMINISTRACAO DIRETA
2026|30,2026,30,CONTRIBUICAO A APOSENTADORIA
2026|31,2026,31,UTILIZACAO DE RECURSOS HIDRICOS
2026|32,2026,32,EXPLORACAO DE RECURSOS MINERAIS
2026|33,2026,33,EXPLORACAO E PRODUCAO DE PETROLEO  E GAS NATURAL
2026|36,2026,36,TRANSFERENCIAS DO FNDE VINCULADAS A EDUCACAO - EXCETO EMENDAS INDIVIDUAIS E DE BANCADA
2026|37,2026,37,TRANSFERENCIAS DA UNIAO VINCULADAS A SAUDE
2026|38,2026,38,TRANSFERENCIAS DA UNIAO VINCULADAS AO ESPORTE
2026|39,2026,39,MULTAS PECUNIARIAS E JUROS DE MORA FIXADOS EM SENTENCAS JUDICIAIS
2026|42,2026,42,CONTRIBUICAO PATRONAL PARA O RPPS
2026|43,2026,43,CONTRIBUICAO DO SERVIDOR PARA O RPPS
2026|44,2026,44,COMPENSACAO FINANCEIRA ENTRE REGIMES DE PREVIDENCIA
2026|45,2026,45,"DOACOES DE PESSOAS, DE INSTITUICOES PRIVADAS OU DO EXTERIOR A ORGAO E ENTIDADES DO ESTADO"
2026|47,2026,47,ALIENACAO DE BENS DE ENTIDADES ESTADUAIS
2026|48,2026,48,ALIENACAO DE BENS DO TESOURO ESTADUAL
2026|49,2026,49,CONTRIBUICAO PATRONAL DO ESTADO AOS INSTITUTOS DE PREVIDENCIA
2026|50,2026,50,CONTRIBUICAO DO SERVIDOR DO ESTADO AOS INSTITUTOS DE PREVIDENCIA
2026|51,2026,51,CONTRIBUICAO DE INTERVENCAO NO DOMINIO ECONOMICO/COMBUSTIVEIS-CIDE
2026|52,2026,52,TAXA DE CONTROLE E FISCALIZACAO AMBIENTAL
2026|53,2026,53,TAXA DE INCENDIO
2026|54,2026,54,TAXA DE LICENCIAMENTO DA FAIXA DE DOMINIO DAS RODOVIAS
2026|56,2026,56,TRANSFERENCIAS DA UNIAO VINCULADAS A ASSISTENCIA SOCIAL - EXCETO EMENDAS INDIVIDUAIS E DE BANCADA
2026|57,2026,57,TRANSFERENCIAS DA UNIAO POR MEIO DE PORTARIA - EXCETO EMENDAS INDIVIDUAIS E DE BANCADA
2026|59,2026,59,OUTROS RECURSOS VINCULADOS
2026|60,2026,60,RECURSOS DIRETAMENTE ARRECADADOS
2026|61,2026,61,RECURSOS DIRETAMENTE ARRECADADOS COM VINCULACAO ESPECIFICA
2026|62,2026,62,TRANSFERENCIAS DA UNIAO VINCULADAS A SAUDE - BLOCO MANUTENCAO - EMENDAS INDIVIDUAIS
2026|63,2026,63,TRANSFERENCIAS DA UNIAO VINCULADAS A SAUDE - BLOCO MANUTENCAO - EMENDAS DE BANCADA
2026|64,2026,64,TRANSFERENCIAS DA UNIAO VINCULADAS A SAUDE - BLOCO ESTRUTURACAO - EMENDAS INDIVIDUAIS
2026|65,2026,65,TRANSFERENCIAS DA UNIAO VINCULADAS A SAUDE - BLOCO ESTRUTURACAO - EMENDAS DE BANCADA
2026|66,2026,66,ACORDOS E AJUSTES DE COOPERACAO MUTUA COM OS ESTADOS E O DISTRITO FEDERAL
2026|67,2026,67,ACORDOS E AJUSTES DE COOPERACAO MUTUA COM OS MUNICIPIOS
2026|68,2026,68,CONVENIOS COM AS INSTITUICOES PRIVADAS E OS ORGANISMOS DO EXTERIOR
2026|69,2026,69,CONVENIOS COM OS ESTADOS E O DISTRITO FEDERAL
2026|70,2026,70,CONVENIOS COM OS MUNICIPIOS
2026|71,2026,71,RECURSOS DO FUNDO ESTADUAL DE ERRADICACAO DA MISERIA
2026|72,2026,72,TAXA DE FISCALIZACAO DE RECURSOS MINERARIOS
2026|73,2026,73,"ACORDOS, AJUSTES E DEMAIS INSTRUMENTOS DE COOPERACAO MUTUA COM A UNIAO E SUAS ENTIDADES"
2026|74,2026,74,ACORDOS E AJUSTES DE COOPERACAO MUTUA COM AS INSTITUICOES PRIVADAS E OS ORGANISMOS DO EXTERIOR
2026|75,2026,75,CONTRIBUICAO PATRONAL PARA CUSTEIO DOS PROVENTOS DOS MILITARES
2026|77,2026,77,TAXA DE FISCALIZACAO JUDICIARIA E TAXAS E MULTAS JUDICIAIS
2026|79,2026,79,RECURSOS DECORRENTES DA CONVERSAO DE MULTAS AMBIENTAIS
2026|80,2026,80,RECURSOS DO ACORDO DE REPACTUACAO DO RIO DOCE
2026|82,2026,82,NOTIFICACAO DE INFRACAO DE TRANSITO ESTADO
2026|83,2026,83,NOTIFICACAO DE INFRACAO DE TRANSITO FUNTRANS
2026|89,2026,89,RECURSOS DO FUNDO DE EQUALIZACAO FEDERATIVA - FEF
2026|91,2026,91,TAXA DE EXPEDIENTE - ADMINISTRACAO INDIRETA
2026|92,2026,92,TRANSFERENCIAS DA UNIAO VINCULADAS A SAUDE - BLOCO MANUTENCAO - EXCETO EMENDAS INDIV. E DE BANCADA
2026|93,2026,93,TRANSFERENCIAS DA UNIAO VINCULADAS A SAUDE - BLOCO ESTRUTURACAO - EXCETO EMENDAS INDIV. E DE BANCADA
2026|94,2026,94,TAXA FLORESTAL - ADMINISTRACAO DIRETA
2026|95,2026,95,RECURSOS RECEBIDOS POR DANOS ADVINDOS DE DESASTRES SOCIOAMBIENTAIS
2026|97,2026,97,TRANSFERENCIAS ESPECIAIS DE RECURSOS DA UNIAO - RECURSOS RECEBIDOS ATE 2023
2026|98,2026,98,TRANSFERENCIAS ESPECIAIS DE RECURSOS DA UNIAO
